NB_pred_class,NB_p(event),NB_p(nonevent)
event,0.9999998273701329,1.7262986930015172e-07
nonevent,6.396268653645409e-17,1.0
nonevent,3.0461452226861693e-34,1.0
event,1.0,1.1314198873496487e-31
nonevent,4.063615412133533e-15,1.0
event,1.0,1.3440814246705183e-16
event,1.0,2.7169634119875853e-26
event,0.9999999606218929,3.9378099515039785e-08
event,0.9999999999999147,8.025290582269361e-14
event,1.0,4.2701776985551037e-19
event,1.0,1.1555193721406496e-17
event,1.0,5.510388353839322e-34
event,1.0,4.359709122219382e-16
event,0.9999999999999432,6.093964148713278e-14
event,1.0,3.4010593702892517e-31
event,1.0,1.5557062901602704e-29
event,1.0,1.5209428627587594e-22
nonevent,2.6321500266047164e-75,1.0
nonevent,4.498321011525756e-15,1.0
event,1.0,1.6503737689193973e-20
event,0.9999999994257394,5.742559991694348e-10
event,1.0,2.6494741246004574e-21
event,0.9971062542440099,0.0028937457559940327
event,0.9999999819027893,1.8097206866766875e-08
event,0.9999999997777707,2.2223379169849063e-10
event,1.0,2.1269540729902906e-26
nonevent,0.3788019802211437,0.6211980197788669
nonevent,5.150918203785418e-07,0.9999994849081778
event,1.0,1.5386029159781195e-23
nonevent,1.5469589772166222e-27,1.0
event,1.0,5.005687077792363e-16
event,1.0,6.430272071601055e-23
nonevent,3.081001811289916e-44,1.0
event,1.0,1.5360397654170954e-27
nonevent,8.465591320831411e-22,1.0
nonevent,1.4009764245407078e-28,1.0
nonevent,8.865843705359346e-12,0.9999999999911324
event,0.9999999999999716,4.2141495190734355e-14
nonevent,2.0828063873315472e-05,0.9999791719361253
nonevent,1.44160074566928e-20,1.0
nonevent,1.1688618580887403e-24,1.0
event,0.9999996347155032,3.6528449595002014e-07
nonevent,0.0033772471546827517,0.9966227528453128
nonevent,1.703182457088077e-36,1.0
event,0.9999958704550523,4.129544941087181e-06
event,0.8774056147535617,0.12259438524644192
event,0.9999999514421075,4.8557886448789595e-08
event,1.0,2.5808048416546067e-24
event,1.0,6.843790372393927e-23
event,0.9999999999996589,3.4655503460918966e-13
nonevent,1.6538399230751833e-42,1.0
nonevent,1.1413243011763823e-203,1.0
nonevent,6.19581138254688e-69,1.0
nonevent,4.0328179538966745e-24,1.0
event,1.0,8.790185109165389e-20
nonevent,6.588065910293878e-248,1.0
event,1.0,2.7087375226999447e-21
nonevent,8.36836975448514e-08,0.999999916316316
nonevent,5.494441611386156e-20,1.0
event,0.9014197919782736,0.09858020802172268
event,1.0,1.2882081100923925e-24
nonevent,1.2506705356743756e-07,0.9999998749329471
event,0.999999999994003,5.989429882782138e-12
event,0.9856113748141052,0.014388625185892377
event,0.999885884323666,0.0001141156763394877
event,0.9999999999987779,1.2155820096969124e-12
event,0.9999999999974989,2.504724945266514e-12
event,0.9999999999999432,4.5960128688337234e-14
event,0.9999999998612452,1.3874310564919423e-10
nonevent,8.700767168842904e-55,1.0
event,1.0,1.0239112092717007e-17
nonevent,4.502392929983659e-08,0.9999999549760626
nonevent,6.460243098419685e-05,0.9999353975690239
nonevent,9.942650622543329e-20,1.0
nonevent,1.0344719902137039e-38,1.0
nonevent,2.9876537388493476e-05,0.9999701234626238
nonevent,8.925596681460231e-18,1.0
nonevent,2.309290725550576e-28,1.0
nonevent,9.347687898193959e-54,1.0
event,1.0,1.8588655908623498e-19
event,0.9999998813942809,1.186057253763406e-07
event,1.0,3.2949645162622677e-16
nonevent,0.0021877649731925726,0.9978122350268016
event,1.0,1.2129179651324175e-20
event,1.0,6.568192093709976e-16
event,1.0,4.441028212990461e-25
event,1.0,1.2482673665642926e-31
event,1.0,4.334015726935946e-28
event,0.9999999999995737,4.357129278857108e-13
nonevent,2.1157005473307067e-36,1.0
nonevent,1.1323646051280491e-10,0.9999999998867679
nonevent,0.0002998419757474209,0.9997001580242516
event,1.0,3.679471317192341e-20
event,0.9999999995002611,4.99726071910849e-10
nonevent,3.778144964030115e-35,1.0
event,1.0,3.77119876265202e-24
nonevent,7.7006360085926e-32,1.0
event,0.9421600138360359,0.05783998616397442
event,0.9999999999999716,2.4912909889256432e-14
event,1.0,1.4123880555633114e-15
nonevent,1.1173668598504877e-107,1.0
nonevent,3.975898143205754e-46,1.0
nonevent,8.919068977629614e-43,1.0
event,0.9999999997581313,2.4187645316264055e-10
event,0.999999999118188,8.818213593039439e-10
event,1.0,1.93652747881639e-28
event,1.0,3.9182147616348245e-23
event,0.9999982800746647,1.7199253239282305e-06
event,0.9999801365804099,1.986341957832025e-05
event,1.0,5.834262521029963e-20
event,1.0,5.690778395812002e-30
event,1.0,9.304952225826544e-16
event,0.9979515070627704,0.0020484929372271894
event,1.0,2.8119321966964455e-17
event,1.0,2.488245091687676e-27
nonevent,7.287242428674046e-12,0.999999999992724
nonevent,8.798066604774333e-24,1.0
event,1.0,1.8334740819521733e-22
event,0.999998826625535,1.173374471255655e-06
nonevent,3.718918171827829e-16,1.0
event,1.0,3.0560939108066718e-27
event,1.0,1.4702625782549742e-20
event,1.0,3.2731220452645428e-15
event,1.0,1.7110909379373588e-17
nonevent,5.00192302807132e-116,1.0
nonevent,5.3604803640050444e-08,0.999999946395208
nonevent,5.4032743235482925e-36,1.0
event,0.999999993910933,6.089078898379928e-09
nonevent,1.3323119180965377e-34,1.0
event,1.0,5.926570686777277e-29
nonevent,1.0691901532065226e-10,0.9999999998930775
event,1.0,1.11659862272462e-27
event,0.8768230761284418,0.12317692387155844
nonevent,7.856187505448943e-42,1.0
event,0.7250817156432753,0.27491828435672977
event,0.999999999986386,1.362454728168039e-11
nonevent,0.00025822054232739006,0.9997417794576815
event,1.0,4.35421061929608e-17
event,1.0,1.862070795239096e-30
event,1.0,9.437493353386339e-27
event,1.0,2.668783083064374e-20
nonevent,1.225852478377486e-09,0.9999999987741433
nonevent,0.00026239599697968193,0.9997376040030339
nonevent,0.10647889448720924,0.8935211055127797
event,1.0,7.5224652654096505e-22
nonevent,5.716969374713927e-27,1.0
nonevent,0.03335066997261709,0.966649330027393
event,1.0,1.5965087147983432e-19
event,0.9999999976939193,2.306072038010581e-09
event,1.0,4.04896715034611e-27
nonevent,6.991460963467697e-23,1.0
nonevent,2.0675248227582604e-32,1.0
event,0.9991774539572659,0.0008225460427235614
event,1.0,4.1449255565793816e-19
nonevent,1.1838083379913325e-85,1.0
event,0.9999995680194127,4.3198058671284026e-07
event,1.0,5.517212143935867e-19
event,1.0,8.727587196042988e-20
event,1.0,3.813754083066274e-23
nonevent,3.7068215233901345e-16,1.0
nonevent,9.643943397479128e-12,0.999999999990365
event,1.0,3.5196951591703805e-16
nonevent,1.4119795510528686e-10,0.999999999858801
event,0.9999999999999716,2.6240220333600917e-14
event,1.0,2.0270551434781076e-21
nonevent,7.09041673005868e-24,1.0
event,1.0,3.402136030899318e-24
event,1.0,4.1644208738369274e-21
event,1.0,1.0688662575687695e-16
event,1.0,4.169181965119178e-28
event,0.9999999999999147,8.13901969297145e-14
nonevent,1.403875168671624e-24,1.0
nonevent,1.5226797207682207e-12,0.9999999999984652
event,0.9999999999999716,2.2152618213813883e-14
nonevent,1.643130733518026e-15,1.0
event,1.0,1.673380404248369e-26
event,0.9870031800925443,0.012996819907466796
event,1.0,6.111212704195708e-22
event,0.9999999999988347,1.1614154036187878e-12
event,0.9999999995680469,4.3195832258210564e-10
nonevent,3.970066845550042e-24,1.0
event,1.0,3.420083743374923e-23
nonevent,1.0365891659835288e-213,1.0
nonevent,1.21235939285194e-15,1.0
nonevent,4.126551048352276e-42,1.0
nonevent,2.716601425878774e-27,1.0
event,1.0,2.42879846682828e-25
event,0.9999996229305594,3.770694426628315e-07
event,0.9999999999995737,4.325660710023327e-13
nonevent,2.0407783445196043e-50,1.0
event,0.9999999999990621,9.379316134970167e-13
nonevent,0.16692053610930943,0.8330794638907011
nonevent,2.945856043058286e-17,1.0
nonevent,4.922337586969488e-27,1.0
event,1.0,2.2364262087173732e-24
event,1.0,2.543101640020725e-27
event,1.0,2.8148736125195542e-24
nonevent,8.771914658264469e-13,0.9999999999991189
event,0.9999999999710951,2.8913439880408097e-11
nonevent,2.1330325131346193e-26,1.0
event,1.0,6.2247123973735715e-28
event,0.999999999995083,4.924264966089263e-12
event,1.0,1.120625090326882e-22
nonevent,0.0,1.0
event,1.0,1.881435650035329e-24
event,0.9999999966067605,3.393229743511752e-09
nonevent,5.754965743069522e-12,0.9999999999942588
nonevent,4.268145953114399e-19,1.0
nonevent,1.2494526005502378e-48,1.0
event,0.9999999995920348,4.079741360635906e-10
event,0.9999999999997158,2.8190981598520515e-13
nonevent,3.986428042418246e-18,1.0
nonevent,3.620419407668393e-29,1.0
nonevent,3.459668197321792e-104,1.0
event,1.0,1.445863787546899e-24
nonevent,3.563525656188176e-24,1.0
nonevent,1.8102450388891845e-17,1.0
nonevent,7.285101238965297e-10,0.9999999992714947
event,0.9999999999957083,4.3011461187177255e-12
nonevent,1.489216718086553e-62,1.0
nonevent,4.051510936547199e-17,1.0
event,0.9999999999999432,5.377706873759134e-14
nonevent,1.047189084216555e-24,1.0
nonevent,3.9983148022900725e-20,1.0
nonevent,7.088067287023891e-49,1.0
nonevent,1.96992232999582e-45,1.0
nonevent,4.444922972219881e-06,0.9999955550770373
nonevent,1.1475496274138596e-11,0.9999999999885176
event,1.0,9.111907758391658e-17
nonevent,0.0015711684346753675,0.9984288315653137
event,0.9999999359039599,6.409603142176628e-08
event,1.0,2.6425523905657948e-17
nonevent,4.828907693446908e-28,1.0
nonevent,0.4966033391532876,0.5033966608467134
event,1.0,7.446678847765707e-26
nonevent,1.280260471493455e-72,1.0
event,1.0,1.484033014470873e-26
nonevent,2.1123144641916952e-14,0.9999999999999716
event,0.9999999999999432,4.49933306975484e-14
nonevent,1.0414877861117623e-30,1.0
nonevent,8.685725359988293e-26,1.0
event,0.9999999999983515,1.6600049549514666e-12
event,1.0,2.289259615837332e-17
nonevent,3.1468995582763908e-27,1.0
nonevent,5.275977185776847e-34,1.0
nonevent,3.035368696752936e-80,1.0
event,1.0,2.0167423619604778e-23
event,1.0,1.1673678154064128e-26
event,1.0,4.980429614203987e-21
nonevent,4.912469533250904e-28,1.0
event,1.0,2.0868226218914263e-27
event,1.0,8.408397535672482e-20
nonevent,0.0010352717130550826,0.9989647282869494
event,0.9999999999546958,4.53057191097036e-11
nonevent,8.679647308560424e-14,0.9999999999999147
event,0.9999999400207589,5.997924133970373e-08
nonevent,1.1760966533369817e-11,0.9999999999882334
nonevent,1.8499886341322608e-22,1.0
nonevent,4.504911965721282e-36,1.0
event,1.0,1.69836035310417e-21
nonevent,0.08326349939483761,0.9167365006051716
nonevent,6.003426701524126e-25,1.0
nonevent,9.100706135200562e-47,1.0
nonevent,1.8332021265315554e-14,0.9999999999999716
event,1.0,4.5272633861267184e-20
event,0.9868486474915547,0.013151352508456955
event,1.0,3.244256999185868e-27
event,1.0,2.453933438082965e-16
event,0.9999999778404745,2.2159517976040303e-08
event,1.0,3.744930570783316e-17
event,0.9999999986550847,1.3449238334094096e-09
nonevent,2.427539699729777e-27,1.0
nonevent,1.306182309700888e-44,1.0
event,1.0,1.8476907768924353e-29
nonevent,2.0392308352033126e-32,1.0
event,1.0,2.8881999042271285e-20
nonevent,2.8362973065671634e-10,0.9999999997163798
event,1.0,5.2352526576736515e-21
nonevent,2.955422813414452e-25,1.0
event,0.9999999982314307,1.7685828062480012e-09
event,0.9999999999998295,1.619437893361765e-13
event,0.9788448190822017,0.02115518091779318
event,1.0,1.6211738871678923e-27
nonevent,1.975761223864628e-28,1.0
event,1.0,6.693807421605541e-33
event,1.0,7.697289147522204e-20
nonevent,0.017004358533709008,0.9829956414663001
event,1.0,2.334123186112195e-25
event,0.9999999999870965,1.2916417629441076e-11
nonevent,0.19971097603694124,0.800289023963072
nonevent,1.860117196996976e-09,0.9999999981398844
nonevent,0.32323464104063926,0.6767653589593652
event,0.9999989319850063,1.0680149858051262e-06
nonevent,0.01385158649459771,0.9861484135054073
nonevent,1.4079663152350852e-31,1.0
nonevent,9.566812829118315e-53,1.0
event,1.0,9.213160285893357e-20
nonevent,3.4432794310158283e-71,1.0
nonevent,1.2425092322425706e-57,1.0
event,1.0,2.171396447993945e-25
event,1.0,1.0318202264493403e-18
nonevent,3.580287517004885e-52,1.0
event,1.0,9.980721096348087e-23
nonevent,4.5627005184582484e-12,0.9999999999954241
nonevent,9.274295826820589e-46,1.0
nonevent,1.0140691625953497e-40,1.0
event,0.9999999999864144,1.3583135881785816e-11
nonevent,0.0,1.0
nonevent,0.2808692854386623,0.7191307145613479
nonevent,4.94486258853231e-11,0.9999999999505462
nonevent,3.3936638565609914e-07,0.9999996606336204
event,1.0,3.503569041195627e-27
nonevent,8.145213809561492e-35,1.0
nonevent,9.303133883285293e-20,1.0
event,1.0,1.3377620295377471e-27
event,0.9993178552830246,0.0006821447169637969
nonevent,3.6769703928159052e-34,1.0
event,1.0,1.0161349374265207e-20
event,1.0,2.6017881902982e-23
nonevent,4.394516711805625e-76,1.0
nonevent,4.170579140709475e-93,1.0
nonevent,7.732212768880344e-27,1.0
event,0.9999999999770068,2.300689778910237e-11
nonevent,5.997668886128204e-88,1.0
event,1.0,2.1696561589925273e-18
nonevent,1.6702184496099712e-10,0.9999999998329656
nonevent,2.6763155249798848e-20,1.0
nonevent,8.420328111948108e-36,1.0
event,0.7271016600503929,0.27289833994960677
event,1.0,4.275622005123219e-17
event,1.0,1.1101968278198226e-29
event,0.9999999998791793,1.2081215538972483e-10
nonevent,1.296539532508519e-23,1.0
nonevent,2.536591936104839e-17,1.0
nonevent,5.621982883443289e-54,1.0
event,0.9999999999988063,1.204179248513664e-12
event,1.0,2.0073976617222602e-29
nonevent,6.648153483409649e-28,1.0
nonevent,6.81379618925714e-34,1.0
event,1.0,8.105114054687936e-26
nonevent,0.07492930039534312,0.9250706996046653
event,1.0,6.374117891744952e-26
nonevent,3.7706104353194526e-41,1.0
nonevent,1.525810373287225e-29,1.0
nonevent,4.643482039136276e-14,0.9999999999999432
nonevent,1.1460216008245895e-33,1.0
nonevent,1.2247546307091828e-16,1.0
nonevent,0.002641089927549341,0.9973589100724587
nonevent,6.502938798986485e-21,1.0
event,0.9999256457819882,7.435421801949724e-05
event,0.9999999999995168,4.729217644546444e-13
nonevent,3.6287209563406706e-33,1.0
nonevent,1.062129110266449e-70,1.0
event,0.9999999565733626,4.3426631046091775e-08
event,0.9999999999996589,3.4077681240157825e-13
event,1.0,2.1691648059826716e-16
event,1.0,8.97576530244528e-19
event,0.9999999916059608,8.394041022043456e-09
nonevent,1.654326045701866e-37,1.0
nonevent,1.9751389086562668e-11,0.9999999999802469
nonevent,1.17036601594597e-12,0.9999999999988347
event,1.0,1.2400792425057009e-20
event,0.9997626267305129,0.00023737326948640826
event,1.0,1.5576373024157293e-16
event,1.0,4.7451158570103114e-29
event,1.0,3.176513272433948e-20
event,0.9999999951226073,4.8773865954149515e-09
event,0.9434488296755169,0.05655117032448256
event,0.9999999999999432,5.447670475727582e-14
nonevent,9.613620420757659e-34,1.0
event,0.9999999999991189,8.930840930885247e-13
event,1.0,2.232011928816869e-26
event,1.0,1.1572352099720955e-30
event,0.8630443805108575,0.1369556194891291
nonevent,1.622464252734246e-30,1.0
event,1.0,1.9545970779733493e-15
nonevent,2.3735947670660087e-29,1.0
event,1.0,3.7142764233818035e-16
nonevent,1.7786059058504615e-41,1.0
event,1.0,3.7958944363406567e-20
event,1.0,1.4297083630062956e-24
event,1.0,5.003350196889336e-24
nonevent,7.3068922040520995e-22,1.0
event,1.0,5.432901200775418e-15
nonevent,0.08980857617252948,0.9101914238274844
nonevent,2.5435403110939406e-18,1.0
event,0.9999933809862893,6.619013717995303e-06
event,1.0,7.71345235033741e-21
nonevent,1.411103207104289e-21,1.0
nonevent,3.721372010398615e-10,0.9999999996278746
nonevent,1.808648158840522e-96,1.0
nonevent,4.745589580387795e-34,1.0
event,0.9999999988607726,1.139216856634422e-09
nonevent,3.207184599429513e-05,0.9999679281540003
nonevent,7.547807853065765e-109,1.0
event,1.0,7.56048407747716e-22
event,0.7189805697984608,0.281019430201548
event,0.9999980223371041,1.9776628827566032e-06
nonevent,1.65596392269314e-50,1.0
event,1.0,4.985101676318106e-19
nonevent,1.9534894484267394e-62,1.0
nonevent,1.8239069122761102e-24,1.0
event,0.999847541859659,0.00015245814033058722
nonevent,5.611248668702863e-21,1.0
event,0.9999999999999432,4.860633209841176e-14
nonevent,2.369677252977984e-19,1.0
event,1.0,1.0728303907721675e-18
nonevent,1.1186031893435673e-25,1.0
nonevent,7.21848075128214e-12,0.9999999999927809
nonevent,5.0915849984573216e-20,1.0
event,0.9998257695226016,0.00017423047738651968
nonevent,4.244647620600242e-24,1.0
nonevent,1.2228793286968123e-30,1.0
nonevent,6.920282946601543e-18,1.0
nonevent,3.0148832119990604e-43,1.0
event,0.9999974597440803,2.540255931491933e-06
nonevent,0.0,1.0
event,0.9998612574559899,0.0001387425440195966
event,1.0,5.373135135322992e-34
nonevent,8.293423722516315e-36,1.0
nonevent,0.0021387120623453364,0.997861287937647
event,0.9999975997254283,2.400274572169969e-06
event,1.0,3.726289693271604e-25
event,1.0,4.2822696842397997e-19
nonevent,1.7183349252234422e-88,1.0
event,1.0,8.174713282874925e-19
event,1.0,7.294500842238714e-21
nonevent,8.764479932976073e-43,1.0
nonevent,1.6866301009159224e-30,1.0
nonevent,0.0,1.0
nonevent,2.265716953508115e-09,0.9999999977342782
nonevent,6.983514797873202e-24,1.0
event,1.0,2.367354508242233e-22
event,0.9999999999999716,2.434025735784868e-14
nonevent,1.0445916106391845e-30,1.0
event,0.9999999999999716,2.1304912758271672e-14
event,1.0,1.8414103221622145e-15
nonevent,1.5741781315895158e-54,1.0
nonevent,6.263830548128192e-32,1.0
event,1.0,4.6763838100486e-16
event,1.0,1.643594191899482e-22
nonevent,5.346317786178714e-16,1.0
event,1.0,9.311899048894707e-28
nonevent,5.1463465495822764e-23,1.0
event,1.0,2.716945867770924e-27
event,0.9999999997731663,2.2682093921844026e-10
event,1.0,5.4025117372723265e-24
nonevent,1.0988548603370722e-16,1.0
event,0.9999999999999432,4.359052385273878e-14
event,0.9999999999987494,1.2516673238540197e-12
nonevent,9.590558994946995e-11,0.9999999999041052
event,0.9999999999995168,4.729028677287407e-13
event,1.0,5.208648693148896e-19
event,1.0,4.676965534043609e-31
event,1.0,2.369863598896927e-18
nonevent,3.3043196214856655e-10,0.9999999996695692
event,0.9999999497598265,5.024017010480211e-08
nonevent,6.456911027114065e-05,0.9999354308897345
nonevent,2.5820119477843923e-51,1.0
event,1.0,1.3800002044466853e-28
nonevent,1.8749996764680385e-25,1.0
event,1.0,4.351717911911283e-15
event,0.9999935209987847,6.479001218707445e-06
event,1.0,3.0957059916540643e-27
event,0.999999998422652,1.5773433820200801e-09
event,1.0,9.057425638142986e-16
event,0.9999999999887734,1.121855313524728e-11
event,0.8222441597762695,0.1777558402237315
event,0.9999999999393765,6.062710556370034e-11
nonevent,2.025955548527825e-14,0.9999999999999716
event,0.99988692542667,0.00011307457333932303
event,0.9999999999975842,2.416363419626167e-12
event,1.0,1.6816567699421356e-23
nonevent,1.6326396267948986e-96,1.0
event,0.9999998728614595,1.2713853539662796e-07
nonevent,2.658698631867343e-19,1.0
nonevent,7.710291934423224e-27,1.0
nonevent,4.350867673896012e-53,1.0
nonevent,9.64575250924948e-32,1.0
nonevent,0.08427855839827936,0.9157214416017336
event,1.0,3.9418256941811197e-20
event,1.0,8.320188160154208e-24
event,1.0,2.656634314494994e-28
nonevent,5.901156046583802e-53,1.0
event,1.0,2.54054054007391e-16
event,0.9999999999953104,4.694101558467408e-12
nonevent,5.8546430878179146e-30,1.0
event,0.9999617296566757,3.8270343316357044e-05
event,0.999439924440587,0.0005600755594123158
nonevent,1.0496839336743683e-36,1.0
event,0.9999999998381384,1.6186507479793346e-10
nonevent,8.378017384414242e-39,1.0
nonevent,2.5223481511678956e-23,1.0
nonevent,2.4471529263872924e-29,1.0
event,1.0,3.307794799420745e-30
nonevent,3.131458407222907e-11,0.9999999999686793
event,1.0,6.492972408572104e-30
nonevent,0.00013053251017695056,0.9998694674898361
event,1.0,2.4321160991798448e-26
event,0.9804423606375727,0.019557639362414614
nonevent,1.9442059168750258e-10,0.9999999998055671
event,1.0,4.8402629866556854e-26
nonevent,6.360107404200925e-30,1.0
event,1.0,3.525834805113822e-18
event,0.9999999999999716,3.732730647734268e-14
nonevent,0.39341159627544064,0.6065884037245454
event,1.0,3.084235202769028e-28
nonevent,3.0890441473261416e-139,1.0
nonevent,2.0233911174889655e-33,1.0
event,0.9999999999976694,2.3383649322942913e-12
event,0.9072318376536578,0.09276816234634691
event,1.0,1.386779752016071e-29
nonevent,0.00041315322639158005,0.9995868467736078
event,0.9999999999895408,1.047312584525465e-11
event,1.0,2.05369293921281e-31
nonevent,1.87512482313064e-28,1.0
event,1.0,4.980922387063637e-19
event,1.0,6.188588389658376e-15
nonevent,0.0005309023399855334,0.999469097660001
nonevent,3.844934148862206e-22,1.0
event,0.9999999999999716,3.934121777240922e-14
nonevent,1.302904957727274e-25,1.0
event,1.0,5.130894652261776e-21
nonevent,5.561917827151058e-27,1.0
nonevent,2.2539055349333825e-14,0.9999999999999716
event,1.0,1.4524669817538713e-16
nonevent,3.269552121480766e-08,0.9999999673044903
event,1.0,2.974958306936957e-30
event,0.9575711534285765,0.04242884657141173
nonevent,2.1824372041399165e-32,1.0
event,1.0,1.2832472242393154e-21
nonevent,7.904581810994221e-72,1.0
event,0.9999785360601222,2.146393988357077e-05
event,0.9999999783447324,2.1655265142452045e-08
nonevent,2.8408273817732257e-12,0.9999999999971578
nonevent,2.8111627617534716e-35,1.0
nonevent,1.7313437802461133e-32,1.0
event,1.0,4.974972706726393e-19
nonevent,1.349663796616023e-108,1.0
nonevent,8.517838128980686e-30,1.0
nonevent,2.525975240171524e-25,1.0
event,1.0,7.411501826271817e-25
nonevent,2.7093195585606755e-16,1.0
event,0.9999999968452187,3.1547679103408504e-09
nonevent,4.669036473687105e-18,1.0
nonevent,1.1095019412979154e-40,1.0
event,1.0,2.516519096788411e-19
nonevent,0.042468390810539706,0.9575316091894532
event,0.9999999999992042,8.007803511182157e-13
event,1.0,1.3831896306752213e-27
nonevent,3.806133897741092e-17,1.0
nonevent,1.1370141805541453e-61,1.0
event,0.999999926610232,7.338975956044416e-08
nonevent,1.5762729669054182e-46,1.0
event,1.0,8.26899820355174e-15
event,1.0,1.5062377162676928e-24
nonevent,3.4666738691125782e-37,1.0
event,1.0,5.095219364687971e-28
event,1.0,2.287790798820269e-17
nonevent,3.9853924631068765e-28,1.0
nonevent,7.14244399536942e-34,1.0
event,0.9999671539683548,3.284603164492223e-05
nonevent,4.113965575383737e-49,1.0
event,0.9999999999996305,3.661368464186153e-13
event,1.0,4.362556393015432e-15
nonevent,7.136166016131641e-23,1.0
event,1.0,1.6478152509257582e-27
event,0.9998621288443709,0.00013787115562336017
nonevent,0.005041192183873822,0.9949588078161162
nonevent,1.3091606219172485e-38,1.0
event,1.0,5.4454440251381245e-15
event,1.0,2.5375403613126833e-24
nonevent,1.3331120416346051e-27,1.0
nonevent,5.562505519343545e-137,1.0
event,0.9999999945688387,5.431167192271954e-09
event,1.0,1.7154274395957246e-24
nonevent,1.5120474504098672e-24,1.0
event,1.0,5.487713044265182e-20
event,0.9999999999913314,8.665590992380668e-12
event,1.0,9.660957387663768e-24
event,1.0,1.2067041720262593e-21
event,1.0,1.2253878417884054e-25
nonevent,1.81572774076555e-220,1.0
nonevent,1.5182217338108588e-27,1.0
event,0.9579659660369764,0.04203403396303616
event,0.9999826214495087,1.7378550479300552e-05
nonevent,1.1245672544328171e-26,1.0
nonevent,3.6998719877734673e-208,1.0
nonevent,2.965242772607628e-42,1.0
event,1.0,2.198404066107976e-24
event,0.9999999999976694,2.3184952607160165e-12
nonevent,4.828028729317328e-35,1.0
event,0.9999999999999716,1.5585415630366413e-14
nonevent,1.0573513061217234e-34,1.0
nonevent,1.693837372696347e-15,1.0
event,1.0,1.721187206790217e-18
event,0.9999999562985248,4.370148213066924e-08
event,0.999999999999801,1.8714813743482835e-13
event,0.9999999999693046,3.069133853967393e-11
nonevent,2.3456594330354354e-90,1.0
nonevent,1.565112922490178e-31,1.0
event,1.0,2.0544891858194332e-26
nonevent,1.672612815705082e-32,1.0
event,1.0,1.9244127227952618e-24
event,0.99976393881908,0.00023606118091732924
nonevent,1.9748479445509753e-24,1.0
event,0.9999999999971863,2.8037367928958818e-12
event,1.0,1.5492769905793848e-20
event,0.9999999997751559,2.2485411694457897e-10
event,1.0,3.646578746146862e-23
event,1.0,1.8722150542391472e-18
event,0.999999892474881,1.0752511270029378e-07
nonevent,1.1829539894769625e-25,1.0
nonevent,1.9507901863560892e-27,1.0
nonevent,1.2933105273321919e-12,0.9999999999986926
event,0.999999997913875,2.086129363686494e-09
nonevent,0.008109421779931212,0.991890578220064
event,1.0,2.4920562139877016e-20
nonevent,1.4338886498538227e-18,1.0
event,0.9207565557567977,0.07924344424320673
nonevent,4.9920914953172455e-18,1.0
nonevent,0.0008814509901092385,0.9991185490098965
event,0.9999998382143207,1.617856825108203e-07
nonevent,4.312190170485723e-22,1.0
event,1.0,3.3984602028043356e-26
nonevent,1.9798149402404458e-32,1.0
nonevent,1.7061745222052402e-32,1.0
nonevent,3.011363472991015e-21,1.0
nonevent,2.4005321482754127e-30,1.0
event,0.9999999999956799,4.3297495855957405e-12
event,0.9985367154085945,0.0014632845914136871
nonevent,4.98276498492941e-41,1.0
event,0.9999999772919639,2.270802869519423e-08
nonevent,1.1412585619198893e-25,1.0
event,0.9999999999996589,3.420578955039761e-13
nonevent,2.9799352691952395e-34,1.0
nonevent,1.9999406830013013e-13,0.999999999999801
nonevent,4.721269901017717e-08,0.9999999527873069
event,1.0,3.9456602841810945e-18
nonevent,1.1951891056429235e-10,0.9999999998804867
event,0.999999999772001,2.2800307031058522e-10
nonevent,8.14033530755819e-28,1.0
nonevent,4.645877635697982e-39,1.0
nonevent,4.128012382244085e-20,1.0
event,0.9999999975567846,2.4432250270792195e-09
event,0.9987918271258931,0.001208172874101132
event,1.0,2.2102101177093794e-18
event,0.9999993568562581,6.43143740479663e-07
event,1.0,1.582574434564618e-21
event,1.0,9.04522188098255e-22
nonevent,4.065008688330474e-79,1.0
nonevent,5.642055307777094e-15,1.0
event,1.0,4.600028930034587e-25
nonevent,5.360710228568714e-27,1.0
nonevent,7.467004591440659e-46,1.0
nonevent,3.190414192549238e-32,1.0
event,1.0,7.774786177135258e-23
event,0.970350500589836,0.029649499410153494
event,0.8477082061343197,0.15229179386567906
event,1.0,5.258127605788868e-18
event,0.9999999993850395,6.149660801167591e-10
event,0.9977636697592475,0.002236330240765012
nonevent,0.0,1.0
nonevent,8.674302286786155e-18,1.0
nonevent,0.006580297660856382,0.9934197023391517
event,1.0,4.856414439678732e-16
event,0.999620522743937,0.0003794772560645893
nonevent,1.0839863805172164e-30,1.0
event,0.9999939139356008,6.08606439412154e-06
nonevent,8.525897195762702e-06,0.9999914741028079
nonevent,9.753770088372827e-06,0.9999902462299036
event,1.0,5.9662176008547285e-28
nonevent,2.7699452026417432e-30,1.0
event,0.9999996556546502,3.443453615210321e-07
nonevent,3.304318381517137e-17,1.0
event,1.0,1.3552982739014725e-18
nonevent,6.250790565124234e-19,1.0
event,1.0,2.0808454514192773e-16
event,1.0,3.266612230806004e-23
event,1.0,7.146338900359657e-21
nonevent,2.4403846200405685e-27,1.0
event,1.0,5.878857913205085e-22
nonevent,2.6256279312583806e-09,0.9999999973743741
nonevent,3.179231499318803e-05,0.9999682076850065
nonevent,2.141777681391233e-22,1.0
nonevent,1.0664942338093859e-37,1.0
event,0.9999999772025776,2.279741770158376e-08
nonevent,1.0789513043754594e-24,1.0
nonevent,4.870244997978969e-23,1.0
event,1.0,8.565367114617004e-17
event,0.9534805809418151,0.04651941905819763
nonevent,3.4567399964255557e-18,1.0
nonevent,5.436404493971696e-28,1.0
event,0.9830154837698339,0.016984516230165187
event,0.9999999999837428,1.62445040345416e-11
nonevent,1.395022028468424e-26,1.0
event,0.9999832086283554,1.6791371634133368e-05
nonevent,1.5408558547364696e-23,1.0
event,1.0,2.184244138506438e-25
nonevent,2.531836961953966e-41,1.0
event,0.9991289474867272,0.0008710525132752208
nonevent,1.7861761709774446e-06,0.999998213823833
nonevent,3.7394677251957595e-19,1.0
nonevent,4.174519043676651e-26,1.0
event,1.0,5.987956222724107e-15
nonevent,2.1774333355087727e-29,1.0
event,1.0,3.841944884155521e-20
event,1.0,3.6176668082160476e-25
event,1.0,2.6647000950548516e-23
nonevent,7.115603552503286e-49,1.0
event,1.0,1.3528134716496507e-15
nonevent,6.446084332127461e-10,0.9999999993553956
event,1.0,5.623336686619915e-18
event,0.9652589723736266,0.03474102762638724
nonevent,5.900836677343053e-74,1.0
nonevent,8.340337953081969e-28,1.0
event,1.0,2.6937511074106893e-24
event,1.0,1.1673902996796408e-26
nonevent,1.3115447959115352e-21,1.0
nonevent,1.0192614899684643e-33,1.0
nonevent,1.577884679723727e-09,0.999999998422112
event,1.0,1.994677979191971e-19
nonevent,5.026481634277365e-26,1.0
nonevent,1.1169014585680696e-38,1.0
nonevent,2.263131826972043e-30,1.0
event,1.0,9.976910287151691e-23
nonevent,1.4556721555109335e-24,1.0
event,1.0,6.259082053228521e-24
nonevent,2.1663278782855004e-16,1.0
event,1.0,1.332706150168864e-19
nonevent,5.466711229084063e-23,1.0
nonevent,1.1217275559666894e-35,1.0
nonevent,1.1938094434667625e-43,1.0
event,0.9999983275851378,1.6724148540936488e-06
nonevent,2.506492665888338e-30,1.0
event,0.999952966186791,4.703381322130227e-05
nonevent,0.0,1.0
nonevent,2.104167819820671e-12,0.9999999999978968
nonevent,2.4464128327539655e-44,1.0
event,0.9999999998231317,1.7686685981444628e-10
event,1.0,7.472574094139469e-26
event,0.9999961728580522,3.827141933934222e-06
nonevent,6.158769241414808e-30,1.0
nonevent,4.1525121960400366e-22,1.0
nonevent,1.5619484587498245e-43,1.0
nonevent,1.2703219439022446e-17,1.0
event,1.0,4.709093481554504e-17
nonevent,7.226042939342733e-09,0.9999999927739509
nonevent,1.403099483966268e-44,1.0
nonevent,1.2480349565061705e-51,1.0
event,1.0,1.1554301327151449e-23
event,0.9999992850821398,7.149178525448402e-07
event,0.9942181295573415,0.0057818704426461425
event,0.999999999942105,5.788211157420828e-11
event,1.0,1.101877799278151e-27
event,1.0,1.9727268689822094e-29
event,0.9999999999988916,1.094457422195111e-12
nonevent,9.77626716990798e-25,1.0
nonevent,0.40595170211589715,0.5940482978841132
nonevent,4.575932225977704e-78,1.0
nonevent,1.3104714490961927e-53,1.0
nonevent,1.1221784141122115e-11,0.9999999999887734
nonevent,1.0848984720563577e-34,1.0
event,0.9999999999999716,3.255805586331473e-14
event,0.9998821503953874,0.00011784960462073805
nonevent,2.79107908256723e-31,1.0
event,0.9999999999999716,1.8160868830351647e-14
nonevent,2.0955174271176265e-11,0.9999999999790532
nonevent,1.5020077770477258e-42,1.0
nonevent,2.0984638911496605e-15,1.0
nonevent,1.3677915518764171e-41,1.0
nonevent,6.442399823936526e-20,1.0
event,0.9999999999897966,1.0213257855678018e-11
event,0.9999553665512685,4.463344874091307e-05
nonevent,2.3001025208423784e-37,1.0
event,0.99999999999784,2.1548521104235754e-12
event,1.0,8.019724757297318e-16
event,0.9999999631717464,3.6828263455319535e-08
event,1.0,1.348838897732127e-20
event,1.0,1.1983113865410763e-20
event,0.9999999999999432,6.924348897834438e-14
nonevent,3.992912994685602e-16,1.0
nonevent,2.208232555498717e-35,1.0
event,0.9999412590669342,5.874093306336524e-05
nonevent,3.2290778662430273e-28,1.0
nonevent,6.951687010655586e-41,1.0
nonevent,1.252960195520651e-31,1.0
event,0.9999999999967031,3.3024915792161877e-12
nonevent,1.2288356818832601e-60,1.0
event,0.9999999406921933,5.9307807833557525e-08
nonevent,2.31075567057462e-41,1.0
event,1.0,1.0318925824850465e-25
event,1.0,2.2260646743111927e-19
event,1.0,1.7369832265966405e-28
nonevent,1.6615426576093634e-34,1.0
event,1.0,2.25209287150125e-19
event,1.0,2.237771899098e-33
nonevent,1.0985242258139821e-46,1.0
nonevent,7.103298728378667e-40,1.0
nonevent,3.3114686358177606e-11,0.9999999999668887
event,1.0,6.663973499255045e-27
event,1.0,2.5714713347059806e-22
event,1.0,1.333749765965621e-26
nonevent,2.8901098487101714e-25,1.0
event,1.0,6.305372455799144e-32
nonevent,6.80113982659563e-22,1.0
event,1.0,2.1060030624458688e-17
nonevent,1.8792655636739958e-20,1.0
event,1.0,1.8391080091845635e-19
nonevent,1.2414719128501409e-52,1.0
nonevent,1.0090311500406447e-08,0.9999999899096963
nonevent,2.2261591778790078e-37,1.0
event,0.9999999999981526,1.8518872001639422e-12
nonevent,1.6792401474747953e-99,1.0
nonevent,0.001275394118952721,0.998724605881045
event,0.9999999993827657,6.172254432352006e-10
event,1.0,1.75462009197725e-17
nonevent,1.664809519573976e-10,0.9999999998335056
nonevent,6.937801398974836e-38,1.0
nonevent,0.0022289061956318884,0.9977710938043712
event,1.0,1.454610258321728e-24
nonevent,1.8664611183495116e-37,1.0
event,1.0,2.86250250023436e-25
event,0.9999999999999716,2.3821118044021187e-14
event,1.0,7.500258307659333e-15
event,0.9999999997003499,2.9965418527412877e-10
event,1.0,6.51707279746725e-30
nonevent,5.620403555197516e-31,1.0
nonevent,1.5920640761031606e-09,0.9999999984079295
event,1.0,3.788671391849229e-16
nonevent,3.560431961253721e-19,1.0
nonevent,5.366759618021883e-34,1.0
event,1.0,1.1636828262676187e-14
nonevent,3.7891448274236374e-24,1.0
event,1.0,6.208311538319632e-20
nonevent,1.2480369662504828e-35,1.0
nonevent,0.038289698916403755,0.9617103010835962
event,1.0,1.1852848391944286e-27
nonevent,3.0524681055813063e-07,0.9999996947531895
nonevent,1.502461799056137e-16,1.0
nonevent,8.706973223119002e-10,0.9999999991293009
event,1.0,1.1258945635331923e-17
event,0.9999999999910187,8.986502072610877e-12
event,1.0,5.07579907520295e-16
event,1.0,2.3873118142564327e-22
nonevent,1.97789953772863e-55,1.0
nonevent,6.1448790204887e-27,1.0
nonevent,5.054724757587627e-05,0.9999494527524171
event,1.0,1.8182426919012618e-21
event,1.0,2.9557789563678976e-31
nonevent,2.5076290650706904e-31,1.0
event,0.9999999999999147,8.979813301814272e-14
nonevent,6.415520248861455e-23,1.0
nonevent,1.0479947643344253e-46,1.0
nonevent,6.86051787532085e-195,1.0
event,1.0,1.1936779616795895e-23
nonevent,6.563586079903661e-18,1.0
nonevent,2.371082833834839e-48,1.0
event,0.9999999656310484,3.436896130273727e-08
event,0.9999999999999432,6.736209060760842e-14
event,1.0,2.0029569807742143e-30
event,1.0,6.230799927152211e-19
nonevent,7.301044104617708e-98,1.0
event,0.9999998666573422,1.3334264992334313e-07
nonevent,1.0471836094466761e-13,0.9999999999998863
nonevent,0.06280219543379666,0.937197804566197
nonevent,2.0408692571498103e-12,0.9999999999979536
nonevent,1.5822097065641791e-93,1.0
event,1.0,2.5090458137932836e-25
event,0.9999999999970441,2.961107942781493e-12
nonevent,5.6502994175018204e-05,0.9999434970058224
nonevent,1.8281171069331565e-118,1.0
nonevent,6.483512853071967e-28,1.0
event,1.0,6.255621880697789e-22
event,1.0,3.640049923851908e-30
nonevent,2.9774846679860636e-102,1.0
event,0.9999957225449486,4.277455045557806e-06
nonevent,4.4134386412609485e-05,0.9999558656135958
nonevent,4.416771869913877e-177,1.0
event,0.9999999999958789,4.1091769612447844e-12
event,0.9988436745681903,0.0011563254318159842
nonevent,7.972826457038218e-34,1.0
nonevent,5.454747079468888e-19,1.0
nonevent,2.90637696593083e-29,1.0
nonevent,3.169596674257999e-27,1.0
event,0.999999999369038,6.30969917550662e-10
event,1.0,3.351456481145179e-27
nonevent,1.2302598302531492e-43,1.0
nonevent,2.6622135588589413e-14,0.9999999999999716
nonevent,2.17721169199089e-233,1.0
event,0.9997873236377512,0.00021267636225252257
nonevent,6.309219202077814e-41,1.0
event,1.0,5.990734540313534e-23
event,1.0,9.67812599869315e-17
event,1.0,7.687467798678219e-27
nonevent,5.602568986890724e-101,1.0
nonevent,0.38404848588363305,0.6159515141163558
event,1.0,1.1615691109184962e-26
nonevent,4.6284208597918753e-32,1.0
nonevent,1.4444617916544714e-24,1.0
nonevent,5.964557257650874e-71,1.0
nonevent,1.3548214810675576e-60,1.0
nonevent,5.595337457399152e-31,1.0
event,1.0,3.0045140150131895e-25
nonevent,9.30934334845565e-13,0.9999999999990621
nonevent,5.256624096378197e-27,1.0
event,0.9979283153094411,0.0020716846905651145
event,0.9999999999999432,4.5899433521842855e-14
event,1.0,1.303169932816079e-21
nonevent,1.4899385447090838e-122,1.0
event,1.0,2.2793466990719942e-25
event,1.0,2.69049741947582e-28
event,0.9999886162899193,1.1383710078648174e-05
event,1.0,5.425633148652957e-27
event,1.0,2.6363316300137888e-20
nonevent,6.915389205021342e-98,1.0
event,1.0,6.825943619438174e-28
event,1.0,3.2212415261362567e-27
nonevent,0.16031849562235495,0.8396815043776477
nonevent,9.729685898690741e-27,1.0
event,0.9999999999990621,9.279596843150063e-13
nonevent,1.7432832420071592e-30,1.0
nonevent,7.86354134314869e-62,1.0
event,0.9999999999999716,3.9708230510287436e-14
event,1.0,1.388610787118698e-20
event,0.9999999999996589,3.4430315801960955e-13
event,0.9999999999994884,5.230260604310853e-13
event,0.9999999999920988,7.913813517324002e-12
event,1.0,1.8520010400867077e-24
nonevent,0.0001277335915844947,0.9998722664084105
nonevent,1.8260306494018007e-19,1.0
nonevent,1.5296267473889752e-118,1.0
event,1.0,9.039080681215728e-15
nonevent,0.0009767860714408102,0.9990232139285501
nonevent,2.284280841031452e-25,1.0
nonevent,6.181528672734317e-25,1.0
event,1.0,6.579458229734176e-24
nonevent,3.5931709095192217e-65,1.0
nonevent,4.1440719608812837e-26,1.0
nonevent,2.7815249847848085e-43,1.0
event,0.9999892583831196,1.0741616868669023e-05
event,1.0,1.1355809805859427e-25
event,1.0,1.7613292344554792e-16
event,1.0,1.7723478897260509e-19
nonevent,1.9112502787563993e-16,1.0
nonevent,1.4068446032424251e-19,1.0
event,1.0,4.750153200657825e-30
nonevent,1.7970935036985697e-42,1.0
event,1.0,6.049170549715782e-25
nonevent,4.948368169157743e-06,0.9999950516318213
nonevent,8.293839079659391e-26,1.0
nonevent,7.992554084218302e-40,1.0
event,0.9999999999620286,3.796889879634224e-11
nonevent,1.3765494821086061e-06,0.999998623450504
nonevent,2.0644534785172586e-37,1.0
nonevent,3.0009207832888283e-45,1.0
nonevent,0.030472533340429344,0.9695274666595661
nonevent,2.1451189312550883e-31,1.0
event,1.0,4.329972471441689e-27
event,1.0,4.81951466333777e-21
event,1.0,2.1604010371694716e-15
event,1.0,1.064033695841044e-14
nonevent,1.942802411746952e-21,1.0
nonevent,8.338767748337317e-10,0.9999999991661355
nonevent,2.1929842993472204e-50,1.0
