NB_pred_class,NB_p(II),NB_p(Ia),NB_p(Ib),NB_p(nonevent)
II,0.9316851226461702,3.9583743546297197e-66,0.06831487604691941,1.3069130777768546e-09
nonevent,1.1518752452736589e-20,2.3253895823659154e-07,1.644030363387388e-31,0.999999767461047
nonevent,8.620203856631001e-33,0.0,2.903968891225335e-51,1.0
Ib,0.02665384137827706,0.0003907124214353961,0.9729554462002875,1.4584820268775182e-28
nonevent,2.1331943426548408e-16,8.024376517170119e-15,4.0589205162508285e-17,0.9999999999999858
Ia,0.07738305564587275,0.6076969459235683,0.3149199984304609,1.0488458514372888e-13
Ib,0.33151030752824634,2.5862663351398146e-08,0.6684896666090947,8.543495631839945e-25
II,0.9999471396639474,0.0,5.259545782014634e-05,2.648782322864681e-07
II,0.5320772733530232,0.02242906216143357,0.4454936602555891,4.229959127377218e-09
Ib,0.1371021907045979,8.721808287526022e-06,0.8628890874871166,4.6834954995225924e-18
II,0.716572534461906,7.481386857235683e-70,0.28342746553799375,9.609326692280136e-14
Ib,0.09566164634733303,7.054121680711273e-07,0.9043376482404973,4.580725894185347e-28
Ib,1.200998830802177e-05,0.12289593741032051,0.8770920526013268,3.762673358116267e-14
II,0.8540341745856197,0.14281176051209035,0.0031540648979112946,4.37372208338441e-12
Ib,0.3779241708858646,0.004257914481994533,0.6178179146321399,1.4704864641669236e-28
Ib,0.28147993824290524,0.00025844745233332355,0.7182616143047544,4.132772665770726e-26
II,0.9998803401732731,6.714587008201507e-23,0.00011965982672734088,7.440796403257804e-17
nonevent,3.0429065424195753e-80,6.087575325130613e-80,6.45933786168399e-82,1.0
nonevent,9.205927040255364e-16,4.191077900903416e-13,2.534591749156763e-19,0.9999999999995737
Ib,0.33322463155723286,5.604526614813713e-13,0.6667753684422011,1.1440304439925737e-23
Ia,0.34726483374078154,0.6480721968063988,0.004662947399247292,2.2053575426575586e-08
Ib,0.16255799324353337,0.0001224538903736467,0.8373195528660975,2.12128249935067e-19
Ia,0.31814031921295177,0.6492430227314424,0.00019705128702303499,0.03241960676858261
Ia,0.3228276692829063,0.6769938023964353,0.00013849957794737165,4.002874271305832e-05
Ia,0.06340263532260539,0.747991629667335,0.1886055362544337,1.9875562895779334e-07
Ib,0.3251152672937254,0.0640570165774452,0.6108277161288342,1.716335287942522e-21
II,0.532795687412536,0.0001648166363452219,0.00011282201688294758,0.4669266739342333
nonevent,0.00023170713499420507,8.930663506381087e-10,3.854222150924135e-09,0.9997682881177177
Ib,0.05223544844958091,1.1104239619028162e-08,0.9477645404461849,9.883080946774048e-23
nonevent,6.436112140975598e-28,1.9853781259830217e-13,3.295492877584127e-40,0.999999999999801
Ib,0.3657567082770739,2.231609574611601e-05,0.6342209756271843,1.1381540693322758e-16
Ib,0.1115683255918902,2.4774461157419184e-05,0.8884068999469494,4.142681766240288e-20
nonevent,2.308130698927714e-50,9.864693040198158e-34,2.30028831154094e-50,1.0
Ib,0.2191836946950091,1.4603226155671038e-06,0.7808148449823723,1.0691881931283507e-27
nonevent,1.8488295042020146e-21,0.0,4.079175787492605e-33,1.0
nonevent,1.375573918621451e-25,3.903671999450068e-21,1.1891360131161904e-37,1.0
nonevent,8.806613386939325e-15,1.9366795090326274e-05,5.934223823164595e-23,0.9999806332048972
Ia,0.000262784225217554,0.9479236728123236,0.05181354295572271,6.738507125356958e-12
nonevent,0.01607921656756874,1.1549837352806077e-68,0.0007292652522485778,0.9831915181801856
nonevent,1.727412929372937e-23,4.4557148664992965e-09,2.754029624080238e-35,0.999999995544286
nonevent,5.302353542083314e-23,3.8945373058906303e-10,2.2715068451197042e-29,0.9999999996105373
II,0.9981331316625641,0.0,0.001866845936727703,2.2400706971899946e-08
II,0.9817070755545811,0.0,0.0008764853409437299,0.017416439104469526
nonevent,9.547857644655262e-33,3.782254032617228e-16,7.644693783406558e-45,1.0
II,0.9945831227679189,0.0,0.005416877118109579,1.1397690297149226e-10
nonevent,0.004044312499648115,0.0,0.00010005834762288494,0.9958556291527367
II,0.92042476497022,1.3925992505171129e-08,0.07957522085442327,2.4936394633925117e-10
Ib,0.05529923191388547,3.585196781324328e-05,0.9446649161183053,2.880979396827435e-23
Ib,0.04236767844182315,0.005627142206866753,0.952005179351305,4.92910523925101e-19
Ib,0.007054124478014437,0.06325798419787583,0.9296864206985447,1.4706255637973386e-06
nonevent,4.4343135156394505e-38,7.062397520586339e-44,8.494693047773881e-50,1.0
nonevent,2.2921113652002122e-213,5.267642868293866e-260,5.613921255535193e-200,1.0
nonevent,3.6245574714654606e-68,3.7212116988234093e-47,2.465925139036856e-74,1.0
nonevent,4.510898945059967e-19,0.0,6.1128111062847076e-30,1.0
Ib,0.4639901815212241,3.859478292152206e-16,0.5360098184787784,4.338970960471802e-21
nonevent,6.753021697044944e-272,1.805980384670825e-262,2.2051602947095505e-258,1.0
Ib,0.012956311315206925,2.166350208385866e-07,0.9870434720497695,2.8478205366860698e-21
nonevent,0.28316055309392324,0.0,5.205544103708288e-09,0.7168394417005319
nonevent,1.9111227326340106e-15,1.3183250386547216e-301,1.5237888718003886e-23,1.0
Ia,0.0013596265754848554,0.9985213264104223,7.738076332042822e-06,0.00011130893776701806
II,0.9910069171390534,3.7736343544616866e-05,0.00895534651740556,7.870979241984542e-25
nonevent,2.02354175139182e-08,0.0,6.2249406821692906e-15,0.9999999797645815
II,0.999496854115038,1.5233134467497497e-140,0.0005031457588402668,1.2611626832143398e-10
II,0.981665070047196,8.774834834265282e-15,0.018334920416694274,9.536100340712932e-09
Ib,0.4813553099637652,6.062817191639936e-19,0.518644690028414,7.825165493421403e-12
Ib,1.8212658227486335e-05,0.08704903091018036,0.9129327563270347,1.0456339649301306e-10
II,0.48220693005377063,0.09673511094652691,0.4210579472848216,1.1714874716045932e-08
Ib,0.010480356018305385,0.02314620999869328,0.9663734338621816,1.2082162880027947e-10
II,0.7699806864436993,1.4569788243014724e-06,0.23001785657206075,5.409743494402074e-12
nonevent,9.911506568249937e-48,0.0,2.1649012777179698e-58,1.0
Ib,0.31415469096203746,0.019787892229472675,0.6660574168084303,5.835223620511121e-14
nonevent,2.82160607712762e-10,0.0,1.2922694054111847e-17,0.9999999997178435
nonevent,2.7109698116794595e-11,0.004922775290763798,3.287260072946515e-07,0.9950768959561274
nonevent,1.9870941760037408e-23,1.243066411195649e-09,2.990596950644362e-34,0.9999999987569339
nonevent,9.439269747954094e-34,1.2331339871077775e-18,9.735254414624896e-45,1.0
nonevent,5.274495188662098e-10,0.00013694475877802832,1.7309496800393292e-15,0.999863054713776
nonevent,1.151537493695399e-18,1.6877352671579217e-08,7.867049622790355e-25,0.999999983122649
nonevent,1.213946973350316e-30,8.829027571696026e-15,1.6827163732762289e-37,0.9999999999999858
nonevent,5.643341939858666e-56,6.533950982343782e-31,6.558293676959447e-66,1.0
Ib,0.1490919966547015,8.979433884329452e-06,0.8508990239114184,7.669872029057187e-18
Ia,0.014185195745160249,0.9854744867394262,0.0003304246858582196,9.892829548620083e-06
II,0.9994037078977419,0.0,0.0005962921022543047,1.6247235399137417e-17
nonevent,0.0026347409384948916,2.7332210397328907e-66,2.7004486457026204e-07,0.9973649890166472
Ib,0.015665819656848042,0.0031537539808141075,0.9811804263623317,3.4156988376178233e-17
II,0.6010901976083687,5.438440575001689e-05,0.39885541798563223,2.470737972674128e-13
II,0.5700980044265396,3.0826173653146047e-28,0.42990199557346126,3.3566885421287996e-21
Ib,0.010978038546992057,0.0008351782590920221,0.9881867831939223,5.084075177813287e-28
Ib,0.09170309532393418,1.1068076458741531e-07,0.9082967939952945,8.783900548119759e-27
Ia,0.12368138309696025,0.8699325287309769,0.006386064290541317,2.3881524235294846e-08
nonevent,1.0573520350719218e-31,0.0,1.1957029439991329e-49,1.0
nonevent,4.459901153170028e-12,2.003318605911258e-07,1.3662769108120406e-11,0.9999997996500186
II,0.996127709521255,0.0,0.003863201003603576,9.089475138515438e-06
Ib,0.3632942441040817,2.0349561144288322e-07,0.6367055524003075,3.708619598696928e-21
II,0.9999465522517913,0.0,5.344774820182288e-05,2.5477605369983386e-15
nonevent,1.956415074670012e-26,0.0,2.1181901840228235e-35,1.0
Ib,0.13152655745603087,0.0022982449853422605,0.866175197558624,3.735260082237531e-21
nonevent,5.04591003971379e-32,9.994701008687206e-184,1.0656564556838351e-39,1.0
II,0.9967142688320517,0.0,0.00019597380275671476,0.003089757365185018
II,0.5194403183215853,4.3539514645356454e-16,0.48055968167841984,6.907049326487664e-20
Ib,0.4479653452265576,2.6593094124899388e-15,0.5520346547734328,3.2557336584902463e-16
nonevent,1.227288639055838e-111,4.241115518908732e-71,1.2208847276323844e-109,1.0
nonevent,2.202357275450173e-40,6.734603501474074e-26,5.591476318446113e-51,1.0
nonevent,7.570040645421383e-43,0.0,4.738047571271385e-57,1.0
II,0.9480793557767383,0.0010556638325002424,0.05086497927670286,1.1140646411759162e-09
II,0.8584187282056139,1.6945440921235987e-39,0.1415812717943025,8.603343328244158e-14
Ib,0.03983797813830035,9.289628530869445e-05,0.9600691255763871,3.7665712936667787e-25
Ia,0.0008272987114352437,0.977223985790997,0.021948715497565344,1.1672766773035673e-20
II,0.8897263152889898,0.08951884614768833,0.020747903309654002,6.9352536727779625e-06
II,0.9545830468911083,2.7947560013361547e-09,0.045413005940218874,3.944373919239187e-06
II,0.5454698029468341,0.00023083678161416754,0.45429936027154966,2.719901574737116e-17
II,0.5131655712690135,0.0035963185904143405,0.4832381101405723,7.499966890792152e-26
Ib,0.08492832345668487,3.877536929142695e-06,0.9150677990063839,5.178262075627508e-16
II,0.545093874881229,0.4488251129154795,0.000856194056609843,0.005224818146688054
Ib,0.07390878395082405,0.08655247750522155,0.8395387385439106,4.3473187144531943e-14
Ib,0.030345932618944433,8.163946046894953e-06,0.9696459034350077,4.153664765503882e-25
nonevent,3.13799044032006e-11,0.0,4.91328652021511e-21,0.9999999999686224
nonevent,2.8128724798639934e-24,1.5525143072162273e-119,5.319677103016712e-36,1.0
Ia,0.03449659098558434,0.9508743726037433,0.014629036410673637,6.368376697727709e-22
II,0.9908993877592976,0.0028390097442946636,0.006156536955948684,0.00010506554046301324
nonevent,4.185853959602313e-10,0.0,3.0398109428865823e-20,0.9999999995814193
II,0.5915202951308041,5.02564198950944e-06,0.4084746792272068,9.217822057194413e-26
Ia,0.07247228261400905,0.8908360767814093,0.03669164060458743,8.986912183430786e-18
II,0.6481340247119842,6.549365904950073e-306,0.3518659752877263,2.888562127166721e-13
Ib,0.08589565157451444,7.262529407007804e-10,0.9141043476992304,4.570524539144674e-19
nonevent,2.613587283880663e-112,6.883072668666738e-90,8.283949205214747e-110,1.0
nonevent,1.268411359754786e-07,7.518323832197591e-07,4.155027641604532e-13,0.9999991213260723
nonevent,8.775478672685925e-32,5.765165404833485e-38,4.5579287970955996e-45,1.0
II,0.9020374733675001,9.415758267870355e-05,0.09786836831481291,7.350031041991024e-10
nonevent,2.4624499885332526e-35,2.8020321705357864e-16,2.424087104818589e-47,1.0
Ib,0.03533363135792608,0.006787800375505692,0.9578785682665627,3.830138728701691e-25
nonevent,7.240705320973582e-07,0.0,8.827372517030186e-14,0.9999992759293753
Ib,0.0024694591759795324,8.589083154185418e-05,0.9974446499924762,1.118770654459928e-24
II,0.6646410299431913,1.2872307519832758e-10,0.3353434238694015,1.554605868764562e-05
nonevent,1.0108588582976872e-47,2.298527604762479e-20,6.369133741785317e-41,1.0
II,0.9562852332801889,2.9836008157949474e-16,0.043714766648662085,7.114492002437071e-11
II,0.9998187288747827,0.0,0.00015936291977154533,2.1908205444316006e-05
II,0.9899172576117798,0.0,2.883637697685081e-08,0.010082713551836268
Ib,0.42322061678487133,1.0964576176179182e-07,0.5767792735693686,2.2608297227714367e-17
Ib,0.1124282115506805,0.00019909068174751756,0.8873726977675707,1.0156419483754104e-27
Ib,0.36535117250690385,0.026474459540225766,0.6081743679528709,4.140496156047352e-23
Ib,0.01618531975534899,0.0561267343189896,0.9276879459256597,5.518522273464688e-17
nonevent,1.6108448486754126e-12,0.0,1.9567767684110008e-17,0.9999999999983942
II,0.952314438596204,1.4513318066041205e-48,0.04768556058901611,8.147732552524188e-10
Ib,6.05689497799035e-07,6.854039773613551e-10,0.9999673608371928,3.203278790164835e-05
Ib,0.04322381228449643,8.496768858147442e-05,0.9566912200269247,6.447905304148659e-19
nonevent,3.6735120894718224e-28,9.604331866232651e-12,8.525654311318344e-42,0.9999999999903935
nonevent,0.020707489367359926,0.22994218417108955,0.010603071784896077,0.7387472546766479
Ib,0.20224660166414998,0.001269873940271234,0.7964835243955835,1.511461969837819e-16
II,0.9677358323742951,3.431044518263085e-06,0.03226072992614426,6.655048314732075e-09
Ib,0.09120528321497684,0.00017143866280620727,0.9086232781222239,5.710249542627434e-24
nonevent,1.8311462620029778e-16,0.0,2.49822177181672e-25,1.0
nonevent,4.440961448133592e-32,5.57067997337316e-226,1.6157173557548936e-45,1.0
II,0.9798648764466273,1.0859944432115382e-25,0.006800357992078474,0.013334765561288238
Ib,0.0009911448945239204,0.16958278101828103,0.8294260740871994,3.0685858182416975e-17
nonevent,5.116692150291867e-112,0.0,1.6734872602956465e-52,1.0
II,0.6964040456146972,4.945241887062837e-18,0.3035959543852892,8.392535794858494e-15
Ib,0.0004947135318673963,1.5859782513756573e-05,0.9994894266856147,7.417306469866694e-18
Ib,0.47804645377689714,6.4456261904760385e-06,0.5219471005969067,1.491963165884462e-17
Ib,0.19131640070934272,1.3516050626471257e-08,0.8086835857746061,2.686956317948814e-22
nonevent,3.7291624275247632e-19,6.474669090670982e-18,4.1981348101317715e-21,1.0
nonevent,8.427772139248067e-13,0.0,6.069053259656949e-20,0.9999999999991616
II,0.7801202290536486,4.3032857e-316,0.21987977094634983,2.785347352191429e-18
nonevent,2.1896159407539643e-14,0.0006606237249848089,2.3563198239381207e-20,0.9993393762750049
Ib,3.887612140666741e-07,0.21101709862819915,0.7889825126100443,5.357100466989694e-13
Ib,0.0320729583541184,1.1575657891050553e-09,0.9679270404883172,1.5254725930485379e-22
nonevent,4.859638678283208e-24,4.2175186477984573e-10,3.4672840151461245e-34,0.9999999995782503
Ib,0.40551055836158517,2.2675967121134962e-07,0.5944892148787468,1.9419504227444644e-23
Ib,0.07702938934397288,0.0022375500254851475,0.9207330606305418,2.5919726333958923e-18
Ia,9.24114169413332e-06,0.5438261077685228,0.45616465108977994,9.016949220125098e-15
Ib,0.14855179567391236,3.5231867680529348e-06,0.8514446811393148,4.5819247056176996e-24
Ib,0.0031222004768546954,0.4869556192931799,0.5099221801659892,6.397162158639817e-11
nonevent,2.7821724139506086e-20,0.0,4.27698144158309e-34,1.0
nonevent,1.4180896473704811e-14,1.655919935069882e-86,6.585283236025111e-22,0.9999999999999858
II,0.9999552749733224,1.3448848566898817e-100,4.472470302510032e-05,3.236498198670213e-10
nonevent,5.5778206164680624e-18,2.5830147852275383e-20,5.095759691604902e-27,1.0
Ib,0.1061090705119586,2.2139017067692826e-05,0.8938687904709688,1.3726497747527397e-24
II,0.7415071804589107,3.1467461101276148e-12,0.2584881042554828,4.715282464096623e-06
Ib,0.11050934006822154,1.5442017816076223e-05,0.8894752179139599,1.7395907881861438e-20
Ib,0.44708747373560803,0.024714207688049668,0.5281983185059548,7.038688179299598e-11
Ib,0.059729692565320784,0.08656813811208947,0.8537021567989719,1.2523618682867363e-08
nonevent,3.846915570989789e-23,6.584865228876735e-28,1.0258612695767427e-33,1.0
Ib,0.2751868343024414,1.8325631442018608e-08,0.7248131473719255,1.2593173174484144e-22
nonevent,6.109926105491853e-232,0.0,1.8011499180205863e-219,1.0
nonevent,2.6259199334012972e-17,1.8545288941022541e-277,3.5133289019578035e-25,1.0
nonevent,2.5790952712237667e-23,3.0888687482418487e-10,1.5935258262926175e-32,0.9999999996911129
nonevent,7.01415884226244e-31,2.869207585718468e-13,9.527913859946188e-42,0.9999999999997158
Ib,0.12822659634075476,0.0005960186956293528,0.8711773849636139,4.6271265990493564e-23
Ib,0.1899358391267242,0.008601203434969394,0.8014619221902758,1.0352480276031174e-06
II,0.9964408542757827,0.0,0.0035591456618201817,6.239066597888512e-11
nonevent,1.429936134386783e-51,4.111999077862485e-59,1.8141152509100844e-54,1.0
Ib,0.44540131713712855,1.705518663373684e-12,0.5545986828611631,6.172489460084268e-15
nonevent,0.0030374804123995272,0.08311898441857385,0.000260095961796572,0.9135834392072247
nonevent,9.878531831960384e-20,5.740949000345475e-14,2.475456649409947e-29,0.9999999999999432
nonevent,2.112855447743565e-27,2.8219664996030752e-12,2.018098626473053e-40,0.9999999999971863
Ib,0.018655734412296867,2.4186369607977035e-05,0.981320079218101,1.7818027927762964e-22
Ib,0.0020885053858292458,0.0011290878442759282,0.99678240676989,6.86470132229836e-24
II,0.7613855372583963,0.008020252600035168,0.2305942101415702,7.389353707774473e-21
nonevent,6.15847094015905e-09,0.0,3.230942331221159e-15,0.9999999938415272
II,0.9999979079043726,0.0,2.0920529619819405e-06,4.2668261582096714e-11
nonevent,1.4786572339156772e-22,1.5217989402258468e-75,1.881642502060052e-33,1.0
Ib,0.015855045243291895,4.000422508235186e-05,0.9841049505316194,3.677882049168914e-25
Ia,0.007269567684240424,0.9893826511383783,0.0033477810641122357,1.13267825436725e-10
Ib,0.0019540015558245677,0.0005066411207941956,0.9975393573233785,1.9797981041256173e-21
nonevent,0.0,1.9763952042574735e-249,1.4036106501732357e-261,1.0
Ib,0.0013527861050578037,0.0014122792796408365,0.9972349346153019,7.857390208850664e-21
Ib,3.410249399563859e-09,1.3098396898557947e-05,0.9999868981926981,1.5981789081012176e-13
nonevent,2.666659771096252e-16,2.34328325155438e-10,1.2384309961685145e-18,0.9999999997656772
nonevent,9.54568469372464e-19,0.0,2.087221292475054e-28,1.0
nonevent,1.109811243093281e-43,0.0,1.4145575438620725e-55,1.0
II,0.9999939571913044,0.0,5.9763084227532165e-06,6.650026828276934e-08
Ia,6.151426777488971e-14,0.9999999999325269,6.742148266778356e-11,7.506436953189289e-18
nonevent,2.2671262183475445e-11,0.0,2.957428744765665e-20,0.9999999999773337
nonevent,4.007534916280516e-24,0.0,6.554405030096256e-36,1.0
nonevent,8.040682322310507e-115,2.479162840968526e-140,2.7818358598108573e-101,1.0
Ib,0.2583880593022922,0.0035766327512357075,0.7380353079464672,3.224848554337181e-22
nonevent,5.693699373157047e-27,0.0,2.288770709980361e-43,1.0
nonevent,1.2818430321298407e-24,9.306544573094456e-12,2.6462139563666434e-16,0.9999999999907061
nonevent,1.3366255609501039e-15,2.1200799999439253e-06,5.661192174029558e-10,0.9999978793538876
Ib,1.043968521096928e-05,0.23486790278447578,0.7651216575073803,2.2928815296599903e-11
nonevent,8.050078438286568e-66,1.6786901937597594e-74,2.2311817659107856e-73,1.0
nonevent,1.3735920501300883e-18,3.995723252886467e-08,5.338313866617077e-28,0.9999999600427721
Ib,0.35907491426529914,8.797787040232212e-08,0.6409249977568259,1.8529805465050542e-15
nonevent,1.0210288683935125e-28,3.135841232807575e-18,2.7667792970144723e-41,1.0
nonevent,7.0834711279324e-19,0.0,3.917024541844261e-29,1.0
nonevent,1.791596100877327e-49,1.728537493305827e-27,1.4659969048469946e-55,1.0
nonevent,2.758697848725523e-49,1.3509744846890271e-33,1.8387366515046832e-35,1.0
nonevent,0.4206126982716667,0.0,0.0004266143730115771,0.5789606873553269
nonevent,1.836690155112829e-13,0.00021328280644789056,4.474107620735166e-19,0.9997867171933743
Ib,0.29504111555786333,2.0944243040596767e-07,0.7049586749997062,1.5773664743536718e-18
nonevent,3.899071303685183e-05,1.1253933923e-313,6.57622683732634e-10,0.9999610086293436
II,0.6381695925871094,2.1760372117023017e-20,0.36183040740814487,4.750244513555452e-12
Ib,0.005652640413805796,0.0082847524613485,0.9860626071248502,1.4524185307753555e-20
nonevent,8.730896002022798e-29,1.3936383943518252e-12,4.52356055502765e-38,0.9999999999986073
II,0.9991043306301837,0.0,0.0008929688508460634,2.7005189648008544e-06
Ib,0.18403294473533696,2.212074076665028e-17,0.8159670552646586,6.669819348414387e-23
nonevent,1.333711193475362e-69,9.690975499723521e-45,3.1662219823387506e-66,1.0
Ib,0.00024768564538396376,0.0018653179911863726,0.9978869963634268,5.607157756826172e-25
nonevent,2.092905211452359e-18,2.308922366815899e-07,4.771962251516576e-28,0.9999997691077578
II,0.8673888872358331,0.007280895956329709,0.12533021676695727,4.088273217635003e-11
nonevent,3.9000004062607675e-20,0.0,8.23012024490287e-36,1.0
nonevent,5.480192048430424e-28,2.7877992512857176e-13,4.6774228295860415e-39,0.9999999999997158
Ia,0.14062415722548102,0.8568757729556695,0.0025000698125016833,6.351795143692939e-12
Ib,0.20884584074797774,2.581926746830552e-08,0.7911541334327564,3.632133803292634e-17
nonevent,4.520799476744407e-27,8.763917764640658e-12,5.971358910421012e-38,0.9999999999912319
nonevent,1.0186920279276421e-32,0.0,3.3568291583246853e-48,1.0
nonevent,7.480859471798926e-78,4.738202760344447e-48,1.9010856959052207e-79,1.0
Ib,0.07825405100328901,0.00033160607396314347,0.9214143429227539,1.3045094949035105e-22
Ib,0.24715478082744646,9.674215377230465e-26,0.7528452191725504,3.7537377454632374e-25
Ib,0.09075043048269262,1.5675645586762033e-06,0.9092480019527474,9.497333027698025e-20
nonevent,2.2689151225573138e-32,4.347917154838102e-39,4.1391911933586274e-44,1.0
II,0.6982363876017174,0.28580318716466363,0.0159604252336196,1.1787895955902322e-23
Ib,0.007504214646204781,0.0013195919531531315,0.9911761934006367,1.0362473431444462e-19
nonevent,1.626133168854772e-05,0.0,3.669841762832748e-10,0.9999837383013295
Ia,0.3708892038162979,0.6175726969945355,0.01153809572062504,3.4685462645687066e-09
nonevent,1.7602124010304133e-16,0.0,3.185131110345711e-25,1.0
II,0.9688159879305653,0.0011709741139150852,0.030011271569473908,1.766386039330986e-06
nonevent,9.112889203458783e-09,5.889813296598478e-11,1.2452641805110037e-13,0.999999990828087
nonevent,9.319435107040323e-25,5.263881754661964e-10,1.6348628099418363e-36,0.9999999994736015
nonevent,2.7241432455144526e-26,0.0,7.027596702589052e-40,1.0
Ib,0.010488752580881533,0.00478139197642485,0.9847298554426918,3.3065895966522738e-18
Ia,2.4353105397215755e-10,0.9960971561474316,0.0028226616786784413,0.001080181930345258
nonevent,1.3673540915326164e-26,0.0,3.5934925772762e-33,1.0
nonevent,3.084786769954905e-43,1.2680069192946349e-77,1.2954018698999857e-53,1.0
nonevent,1.6576929692183787e-33,0.06487875018806881,5.759856238091147e-16,0.9351212498119336
Ib,0.4296722434474931,0.0006403167712378169,0.5696874397812713,1.7987406590856828e-18
II,0.9924939816978178,2.881804864408476e-23,0.007409038553548852,9.697974864031204e-05
Ib,0.03721362413448056,1.6045629526186821e-06,0.9627847713025637,6.389551899240772e-26
Ia,0.08891087630830082,0.9083571055919151,0.0027320180997815664,2.3525864121917634e-16
II,0.8190517411277609,0.0,0.18094825886643282,5.800659392344004e-12
II,0.5075245775241267,4.204801153616008e-06,0.4924712176747197,2.1893264762998383e-15
II,0.7512129126451796,2.6069457614029847e-126,0.24878708735481628,1.972559629432955e-15
nonevent,1.0912649717532224e-12,0.0,9.630627383523636e-19,0.9999999999989058
nonevent,1.7624962771891687e-45,2.1147445703748138e-24,6.994539616901899e-55,1.0
Ib,0.017842095093931004,0.00012154220615914674,0.9820363626999047,1.9671153570169081e-25
nonevent,2.1468469257166395e-33,2.454304384561483e-16,8.008733385690431e-47,1.0
Ib,0.0020088208759646117,0.00047701180495774933,0.9975141673190782,8.386314639434086e-18
II,0.9472460605310646,9.712118300194516e-208,0.005244674801665899,0.04750926466727119
Ib,0.00039155645355124896,0.007294164150075642,0.9923142793963782,1.0050533890544683e-17
nonevent,4.737016191713697e-25,2.973749564760358e-10,6.790071151686948e-37,0.9999999997026237
II,0.9993448678614104,0.0,0.0006551301320085008,2.0065751901331845e-09
Ib,0.00213802485047021,0.025544660407537487,0.9723173145285764,2.1341151370991567e-10
II,0.994021734120705,1.946526078471977e-09,0.0004423550250989891,0.005535908907665257
Ib,0.17360586696937716,5.070312486262179e-05,0.8263434299057605,2.3625211217348875e-25
nonevent,5.124239466942497e-29,3.1849015016463825e-13,1.0731800457154807e-40,0.9999999999996874
Ib,0.144341169289238,0.0007669504722239291,0.8548918802385375,2.7927450651669426e-29
Ib,0.03083441043235871,0.008075809628265753,0.9610897799393718,2.779282558972918e-17
Ib,0.00014474301677007968,7.461164480955503e-08,0.9115350975691816,0.0883200848024001
Ib,0.19951873928666738,0.384263423923289,0.41621783679003915,3.592150459032006e-19
II,0.9999999980333598,0.0,2.2911539803664728e-10,1.737530853826499e-09
Ib,0.04873361740378895,1.500533832913553e-13,0.8397376149315908,0.1115287676644765
nonevent,1.2710887222380873e-15,1.1521213077576423e-07,4.132209959800963e-09,0.9999998806556576
II,0.9577257667577345,7.494156490713092e-124,0.041989985928853696,0.00028424731340971154
Ia,0.0010785312314536056,0.9987315886790763,2.1741105713849206e-06,0.0001877059788941965
Ia,2.451449535365425e-08,0.7854166089467086,1.4952828669868656e-06,0.21458187125593348
nonevent,1.2405704840508146e-29,1.535154015785883e-14,9.394493762432256e-43,0.9999999999999716
nonevent,8.764169195678819e-51,1.2922875049624949e-27,5.843627188205518e-60,1.0
Ib,0.15591790346039333,0.00011963595646277773,0.8439624605831498,1.490999349644056e-19
nonevent,1.6655749526468202e-50,7.34086095734627e-23,1.0954747818309269e-27,1.0
nonevent,9.714892617594133e-38,1.5409734191310505e-17,2.1988253576979966e-49,1.0
II,0.9999999590968125,0.0,4.090319585634048e-08,1.064871385835102e-22
Ib,0.20369149268376222,0.006419568233047478,0.7898889390831837,2.997036818959159e-16
nonevent,9.607962819743124e-59,6.871251881379482e-32,3.373642070161875e-68,1.0
Ib,0.10578143383748355,9.978501716908477e-06,0.8942085876607989,1.841038793633987e-19
nonevent,1.0992795461832904e-09,0.0,1.1316429002479391e-16,0.9999999989007193
nonevent,1.5964437975027379e-63,2.1716962182490476e-24,1.5848181216646674e-51,1.0
nonevent,1.4029378766971666e-28,0.0,5.345744076559057e-42,1.0
Ib,8.565572693412484e-05,0.024951008322913956,0.9749633359475093,2.6523126311875314e-12
nonevent,0.0,0.0,0.0,1.0
nonevent,0.013960670767675435,1.6599227314477947e-15,1.621164041737981e-06,0.9860377080682795
nonevent,2.8218891308857315e-12,1.3770505951360879e-05,7.020712643630473e-20,0.9999862294912272
nonevent,3.4347046726151138e-09,0.0,2.141458860196499e-19,0.9999999965652933
II,0.7830026602381754,2.9286544789724327e-56,0.21699733976183136,1.1324337094088043e-23
nonevent,6.363736684732656e-30,4.684583740734617e-15,8.155675507942631e-43,1.0
nonevent,5.380125074474565e-22,5.718467209902939e-10,6.675602933691927e-33,0.9999999994281552
II,0.5158407637152775,3.9571201067456555e-06,0.4841552791646127,1.724538340921696e-25
II,0.7184113221520885,5.896451196048782e-21,0.281588677847909,6.431557359678899e-16
nonevent,1.7839473444616067e-26,0.0,8.022289264350825e-44,1.0
Ib,0.0895214695572683,6.691946826740979e-14,0.9104785304426656,7.928935414807878e-20
Ib,0.003327902240246754,0.0009157370915585272,0.9957563606681963,7.965520483232061e-22
nonevent,7.495844611052535e-77,3.946612073054112e-60,8.994155197696124e-82,1.0
nonevent,1.4097059766911758e-97,5.940070706540722e-115,7.127922978520787e-100,1.0
nonevent,7.013795629327571e-29,1.3352334142802554e-11,1.621627844387679e-41,0.9999999999866418
Ib,0.35285649020501164,9.276649115369804e-07,0.647142582129297,7.864441551551903e-13
nonevent,1.6737329875145502e-68,4.641268404079986e-53,4.045084803645147e-75,1.0
Ib,0.019056557416255213,1.208768930391852e-10,0.9809434424628729,1.2035920762994746e-19
nonevent,2.3285057316300817e-12,1.2928972724790736e-08,3.288494280052949e-16,0.9999999870687049
nonevent,1.8542822480646613e-10,0.0,2.2557260539637497e-20,0.9999999998145768
nonevent,9.234489391454811e-35,7.501622786131916e-161,5.510899689453271e-48,1.0
nonevent,0.26396381898730403,0.0,1.1933647373388832e-06,0.7360349876479623
II,0.6701095070411973,5.165192203278399e-06,0.3298853277665948,1.2119353554269278e-15
Ib,0.4270996081954292,0.00011139247103573827,0.572788999333535,8.72540854887223e-28
II,0.885512195083275,1.014452453759996e-09,0.11448780389615754,6.119113826273758e-12
nonevent,2.1424318916817234e-24,1.4870195372870386e-19,2.4220963768557364e-18,1.0
nonevent,2.468278723175056e-12,0.0,1.0693675695288627e-17,0.9999999999975273
nonevent,6.215722559047817e-49,2.9013209361300015e-26,6.450688201631011e-59,1.0
II,0.98505061184608,3.444728151223097e-236,0.014949388153901294,1.4034412426628025e-14
Ib,0.006386578132550494,3.564304281388704e-05,0.9935777788246406,1.6314418588858828e-26
nonevent,5.757080152498026e-33,1.438836042467774e-14,6.220869827434918e-44,0.9999999999999716
nonevent,1.3070682954977697e-38,1.605268461908546e-39,9.084918949400338e-48,1.0
Ib,0.03144355411088162,0.00046135622277661037,0.9680950896663459,3.6033926721012675e-23
nonevent,0.00041145612061189985,6.636480808056603e-05,0.045054835542597475,0.9544673435287089
Ib,0.12053450699543791,0.0007077950941262399,0.8787576979104365,2.908754139573055e-24
nonevent,3.859546898530333e-44,6.749700169809528e-57,6.98576260321376e-55,1.0
nonevent,7.142899828473882e-25,2.739650147048393e-95,3.969526386057512e-32,1.0
nonevent,4.5763396812168674e-15,4.994168133830424e-07,6.951068095711829e-24,0.9999995005831831
nonevent,3.6424731742758116e-34,9.435134199569747e-69,5.534665880294298e-46,1.0
Ia,2.1430705568429454e-51,0.9998915710659833,3.163030315306132e-15,0.00010842893402281508
Ia,0.16193988150628247,0.8330841882472888,0.0002874394485885916,0.004688490797842454
nonevent,4.039873148551867e-15,1.762548032238668e-36,2.4378885782644456e-23,1.0
Ib,0.007511005955774465,9.236663346439908e-74,0.9924889916262297,2.418000587877207e-09
II,0.8020476660105246,0.008042859066364495,0.18990947491761576,5.494032145868404e-12
nonevent,1.5182462408851254e-35,5.66882017394366e-16,6.880067399344378e-46,1.0
nonevent,2.466595145264639e-77,1.2553129106411061e-93,9.491350475874384e-79,1.0
Ib,0.22167009671996737,2.630081314176945e-16,0.7783299032799991,3.235336931188208e-14
Ib,0.003261132661522621,0.00810855801969896,0.9886303093162712,2.5071902549827022e-12
Ib,0.18450813502226593,6.941681944950609e-09,0.8154918580360477,3.737250610528057e-17
Ib,0.019923558795422465,9.142112442114274e-06,0.9800672990921313,1.888029589154057e-17
Ib,0.0023979562758846855,1.7665438685513144e-09,0.9976020418489974,1.0857521858883983e-10
nonevent,1.2175288286458848e-32,1.3820217417463627e-15,1.1231805106718783e-44,1.0
nonevent,2.5020573732777804e-07,0.0,1.5811965240094589e-15,0.9999997497942588
nonevent,4.146830704269803e-14,7.241533929084762e-07,9.459494674080858e-14,0.9999992758464693
II,0.9699283498582806,0.0,0.030071650141715,7.642940124102118e-19
II,0.9978991488528514,0.0,0.002098636021558923,2.2151255868807843e-06
II,0.9438186537978861,1.451907229874406e-139,0.056181346200827174,1.2922061334788618e-12
Ib,0.2959817700975186,7.394466849241254e-05,0.703944285233984,1.5692372044738142e-26
Ib,0.0915833463354099,5.9842514916330264e-05,0.9083568111496777,1.0065596875786727e-17
II,0.9678748156696878,0.00010446224798316893,0.03202071556477159,6.5175544289875745e-09
II,0.9981560030955473,0.0,0.001825613775190579,1.838312926262835e-05
II,0.9596684049682259,0.0,0.040331595031769925,4.003950675313944e-15
nonevent,5.221545726020409e-34,1.3075586817125351e-15,2.2597992842900145e-40,1.0
II,0.7357802906236052,8.488501147422362e-10,0.26421970852745963,8.542944062151946e-14
Ib,0.016403063150618936,3.1274087277325744e-08,0.9835969055752988,1.3091632150592202e-25
II,0.5153243523165021,1.6533507900539815e-05,0.48465911417558866,1.444946259976439e-26
Ia,0.00314969741836327,0.9286273494874622,2.0909039089781603e-08,0.06822293218514239
nonevent,3.0780166338970467e-19,0.0,4.8632963679529154e-32,1.0
II,0.5657216990849152,1.9273656121976185e-11,0.43427830089581254,1.3409043139773917e-16
nonevent,6.5771019413211135e-25,6.086838612977253e-23,1.1223050072114698e-36,1.0
II,0.9540510090600085,0.0,0.045948990939742126,2.483985818693881e-13
nonevent,1.046659782541164e-50,1.9821041008750853e-45,8.254836033585334e-55,1.0
Ib,0.30775263623340293,0.0009386972854631226,0.6913086664811315,2.861807666111406e-17
Ib,0.0006967934810606113,0.0006477054044774541,0.9986555011144586,1.2987437517475542e-23
Ib,0.027341890475473512,0.00034416700511238695,0.9723139425194173,1.3250034314026496e-21
nonevent,7.712708442281506e-25,6.877338975726275e-10,9.897758364323475e-36,0.9999999993122657
Ib,0.4048850532031258,2.864163651729676e-07,0.5951146603805068,8.013880795725105e-15
Ia,5.859544666901315e-09,0.6291355096362381,0.005653309322892695,0.3652111751813309
nonevent,3.461239450742639e-09,0.0,3.919191566485726e-16,0.9999999965387616
Ib,0.4613572572941562,1.4788438786649544e-24,0.5386427424198094,2.860352812592037e-10
II,0.8666463621228705,0.0,0.13335363787712398,3.471482312615911e-18
nonevent,5.625923712918261e-13,0.0,2.5594934792272975e-22,0.9999999999994316
nonevent,5.062399213397988e-13,7.12923750577058e-113,6.546198224441763e-20,0.9999999999994884
nonevent,7.288388724192656e-104,3.1574289228083506e-63,1.023385375412192e-106,1.0
nonevent,1.0165771543053451e-32,4.7949205805203635e-15,4.8345329347917856e-42,1.0
II,0.7650867212356015,1.818992091717103e-14,0.23491327876434887,3.76354160948772e-14
nonevent,1.434301664873646e-06,0.026174124094018838,1.571526549239152e-11,0.9738244415885968
nonevent,2.9068968824316342e-120,5.1043132036500706e-67,2.688753149082468e-103,1.0
Ib,0.028488940913898076,1.3751591627763625e-06,0.9715096839269389,7.759294582919016e-20
II,0.9966373769941715,8.83302568577078e-10,0.0032812483550984325,8.137376742164836e-05
Ia,0.029167331752021408,0.9697310277052458,0.001099313245649297,2.3272970785268527e-06
nonevent,1.3124857984695555e-43,4.6269042680391625e-24,1.093845093551121e-50,1.0
Ia,0.08772171400135377,0.9122587073758887,1.957862265577127e-05,1.0432371460636366e-13
nonevent,2.547884843946531e-65,3.752393617991846e-38,1.6092635087278495e-70,1.0
nonevent,2.598975188148367e-21,8.459944037562641e-11,9.239602395145332e-31,0.9999999999154028
Ia,0.014280074893065433,0.9834155737365963,6.005011886837995e-06,0.0022983463584523105
nonevent,3.706902600312442e-16,0.0,9.790973611037509e-26,1.0
II,0.8217758911645628,0.007938081288792623,0.17028602753361588,1.302804309523513e-11
nonevent,4.188449910271303e-23,7.97700977765918e-10,2.278239392035815e-34,0.9999999992023021
II,0.6461800166822542,9.758624021931077e-07,0.3538190074553436,2.0491327544092076e-17
nonevent,1.5872824228214535e-25,8.066091423119699e-11,6.570026798738145e-38,0.9999999999193392
Ia,5.7113986500301535e-37,0.9995831033634588,3.2504714708262595e-12,0.0004168966332922195
nonevent,5.400136730977196e-26,7.2731566089264315e-06,8.7508681868805e-26,0.999992726843391
II,0.9944208736403247,7.66797389302122e-30,0.0029134773049709637,0.002665649054703919
nonevent,1.0115884943509812e-18,0.0,3.0516207528486833e-28,1.0
nonevent,1.5288944363745101e-33,4.44997507892612e-87,8.113204805948232e-46,1.0
nonevent,3.364704415219188e-19,7.273905072782071e-18,3.090179235153739e-27,1.0
nonevent,3.670983740109679e-36,0.0,8.626327099056684e-54,1.0
Ia,2.4540794206372016e-08,0.9764251891963169,0.02357439440301289,3.918598749620743e-07
nonevent,0.0,2.9589629868363067e-252,0.0,1.0
Ib,0.37829636345892165,2.7170077971207866e-09,0.6217036338240644,2.3046887785123714e-16
II,0.4569067055523695,0.38942530820863197,0.15366798623899222,9.00905699569222e-30
nonevent,7.54003404478399e-40,1.5465619391818792e-14,1.0252126820650414e-41,0.9999999999999716
Ia,2.227296138285876e-06,0.9221437215998219,0.07785404828212805,2.82191299547751e-09
II,0.9320842437714916,1.6355630553106277e-07,0.0679155919437809,7.28427845595785e-10
Ib,0.2165186786477582,0.0006616876382054715,0.782819633714034,3.291754977979492e-22
Ib,0.3470231863979675,3.395196832614542e-10,0.6529768132625117,6.011743009845334e-20
nonevent,1.8809191364752288e-89,1.5433988316176416e-217,4.694160900715282e-92,1.0
Ib,0.44998394397717384,2.0012323600285666e-12,0.5500160560208219,2.5951708487388995e-20
Ib,0.1494471371251103,4.480846008468389e-05,0.8505080544148061,3.1499016457678523e-20
nonevent,4.288768674392841e-43,8.802259471769763e-21,7.846132398898446e-55,1.0
nonevent,4.104039794459029e-30,6.73388710271469e-75,6.583101610829261e-44,1.0
nonevent,0.0,3.4634164425958236e-279,0.0,1.0
nonevent,1.2393739890626095e-07,3.540552260306469e-10,3.7732630415855733e-13,0.9999998757081634
nonevent,6.638570965492302e-25,1.1128604039598577e-10,1.273271567798624e-33,0.9999999998887006
Ib,0.0014236702074650759,0.0364761421129269,0.9621001876796056,1.0022296196081483e-19
Ib,0.0010016971310981952,0.0024372893039510336,0.9965610135641411,8.152661551284871e-13
nonevent,1.8950598179284323e-34,4.1391151678293075e-23,5.769830630141039e-45,1.0
Ib,0.08659391966147614,7.701477516599754e-14,0.9134060803384502,5.254153623080151e-18
Ib,7.056947127941555e-05,0.005893360713421534,0.9940360698153007,2.762931040414718e-15
nonevent,9.047075376873141e-50,1.0905013886845376e-25,4.0057751748024505e-60,1.0
nonevent,2.1544565393566853e-32,1.1800010957581815e-13,1.3604548436239964e-45,0.9999999999998863
Ia,0.018662738548303963,0.9566274475189902,0.024709813931232796,1.4781726337778357e-12
Ib,0.07409228190725933,0.0007834743574175655,0.9251242437353222,1.3389783655928238e-20
nonevent,2.23934806866843e-21,3.154482210113961e-17,1.4809851258300485e-29,1.0
Ib,0.09541760454449763,4.6421453619241014e-05,0.904535974001876,1.3489599501428415e-24
nonevent,1.7957470701756224e-24,1.6023864161517455e-09,1.3503576047521583e-36,0.9999999983976124
Ib,0.34945074581193786,9.849548873925136e-08,0.650549155692578,2.691990364582065e-26
Ib,0.4160588235610066,0.0030899460111602217,0.5808512298249129,6.02918362078443e-10
Ib,0.22745654270078056,0.0013966744475402523,0.7711467828516738,2.530607834723747e-21
nonevent,4.117403666025046e-08,1.4948283172424614e-16,9.487093534364549e-14,0.9999999588258683
II,0.9997984156192893,0.0,0.00020158417490000142,2.0582179055696302e-10
II,0.708642758286256,1.5327415977707376e-08,0.29135722638629136,3.52962615415924e-14
II,0.9724625681704028,6.382605374074181e-54,0.027502482280160317,3.4949549447348256e-05
II,0.8486156765959219,0.003410556927591699,0.14797376646127863,1.5212388651091112e-11
Ib,0.157797819449837,7.641536406938098e-75,0.842202180550086,8.364628624772953e-14
II,0.7369901608601228,0.014845921849152451,0.24816391729073078,4.505302679977929e-28
Ib,0.18813497901941026,5.98594045318334e-07,0.8118644223865469,4.594565611186437e-19
nonevent,1.8908753162344826e-13,4.385781054955329e-06,4.141373646020913e-20,0.9999956142187582
II,0.519346418966523,4.973213373708762e-15,0.480653581028719,4.74898366112251e-12
nonevent,1.3324614660293431e-08,0.018451594576226336,3.664199285093709e-12,0.9815483920954897
nonevent,1.168810539190519e-53,2.4533454698324045e-29,2.1370909833805864e-58,1.0
Ib,0.06554757544228812,4.3037164377336674e-07,0.9344519941860681,4.7186261997596446e-26
nonevent,2.4504983127489056e-31,5.099548672482877e-09,9.463138354529329e-25,0.9999999949004632
II,0.8756556509244685,3.654319434140476e-285,0.12434434907448363,1.053984762888588e-12
Ib,0.1466760179660232,2.8170081480495612e-152,0.8533239819525377,8.14390472469905e-11
Ib,0.33629636014640446,0.005682917440970274,0.6580207224126287,7.478087858306114e-25
II,0.8901687850468666,0.07723847774850508,0.032592698885769766,3.831885751746285e-08
II,0.5981388445143233,2.1447192636217145e-07,0.4018609410137454,1.7983284444304479e-16
II,0.9266457895882927,1.30279870776226e-43,0.07335421038987418,2.1830344613323523e-11
II,0.9832444426631417,1.797792947992278e-21,0.016732514057711277,2.3043279151876395e-05
II,0.5106379775498577,2.225090443657393e-17,0.4893620224501392,7.334916003011607e-19
nonevent,1.2333581936386734e-16,1.927577886887194e-117,8.543030844461243e-24,1.0
Ia,0.03670670337994544,0.9627076685320365,9.612194772079962e-05,0.0004895061402947022
Ib,0.08030634075076686,1.4706161808323084e-08,0.9196936445430627,1.5242069475347645e-14
Ib,0.0004282104951437641,0.000534983723459172,0.9990368057814025,2.1765097516031878e-20
nonevent,1.6489324997987186e-97,3.361306834795943e-61,1.3592669914398705e-94,1.0
II,0.7890873645452937,4.4367446199032956e-09,0.21091262958904183,1.4289137262579843e-09
nonevent,6.040254274023492e-21,2.0786153088216485e-14,1.4180990169210277e-28,0.9999999999999716
nonevent,5.562098014326942e-29,1.9905988907343164e-11,8.114230598732251e-42,0.9999999999801048
nonevent,3.137186609163805e-48,0.0,3.5987492740925908e-62,1.0
nonevent,2.758194942242418e-39,2.468416812980653e-22,8.07457623163421e-43,1.0
II,0.9013234223182884,1.08669061368725e-05,0.005872860081719179,0.09279285069385289
Ib,0.18945460210656648,9.033546251678032e-07,0.8105444945388068,3.364821197939082e-20
Ib,0.005922028527566692,0.0035825738407435546,0.9904953976316873,4.4319213422417526e-21
Ib,0.07927768613076934,0.0031450238410582537,0.9175772900281772,1.4845123910857502e-24
nonevent,5.830691780079256e-56,2.2152661809608442e-43,1.5957519533621767e-62,1.0
Ib,0.40908231680289003,0.03355092904769783,0.5573667541477556,1.6518198771386644e-12
Ia,0.00034456271125014724,0.9922866078596755,0.00736882912403036,3.050480277974925e-10
nonevent,1.3523547157848451e-33,0.0,1.8481878344025587e-46,1.0
II,0.996763405095727,0.0,0.0032365949042614723,5.19153476629471e-15
Ia,3.2493929682731233e-06,0.9999790098413965,7.802152595182883e-06,9.938613037432098e-06
nonevent,7.364937268213674e-36,1.6147063354110773e-28,3.474432241759837e-49,1.0
Ib,0.48756946919544464,1.49904595731258e-11,0.5124305307894822,8.632940577918419e-14
nonevent,8.911806676580161e-39,2.0330446535899234e-19,1.6237142836114478e-49,1.0
nonevent,1.014860809350875e-15,2.184103452695895e-46,2.1766338159996534e-23,1.0
nonevent,2.239846040898565e-32,1.8500180053396877e-14,4.2477665737277673e-44,0.9999999999999716
Ib,0.004027581483639318,0.004385226256178121,0.9915871922601831,1.0731867117164585e-26
nonevent,3.1201300581453712e-09,0.0,2.0854449750938982e-16,0.9999999968798647
Ib,0.2882711240623387,8.132421183210962e-05,0.7116475517258268,7.10980230941562e-27
Ia,1.2194244236408248e-06,0.6346465956559403,9.07407377921703e-08,0.36535209417890885
Ib,0.0030449385744282594,5.651158196701135e-06,0.996949410267369,2.43316054421856e-25
Ia,0.0887276863544186,0.895183360348969,3.4406948042058895e-05,0.01605454634857439
nonevent,1.2187855481395391e-08,4.775674478415933e-12,9.27174500730386e-13,0.9999999878064472
Ib,0.08347463426988126,0.0,0.9165253657301203,6.068785148653525e-23
nonevent,7.052008231159094e-32,2.656493879338215e-16,5.447971609632258e-41,1.0
Ib,0.1165282579124159,2.0728647681808596e-08,0.8834717213589383,1.753239276892647e-18
II,0.9999146870647575,1.0362450957465535e-171,8.477296366895166e-05,5.399715784136233e-07
nonevent,0.056727258501767616,0.05885136687037345,8.134584063690706e-06,0.8844132400437903
II,0.5485681767026953,0.16893866796453585,0.28249315533276365,1.3707798838618237e-24
nonevent,3.324633669750303e-160,4.411690957156604e-87,5.3957231172575165e-114,1.0
nonevent,8.961377965035352e-34,3.980858744572853e-60,4.731887490051966e-46,1.0
II,0.975666845405692,7.601015127527451e-07,0.024332394492764236,3.513354376409801e-14
Ia,0.00015726866911208804,0.964125870796021,5.349585185990973e-06,0.03571151094968747
Ib,0.13347676103779674,0.0013957036635934077,0.865127535298613,4.678346360681467e-26
nonevent,0.00013652669754435378,3.642127894048298e-06,0.0016894668768009178,0.9981703642977621
II,0.6136593943519614,3.232403881331288e-06,0.38633737322723943,1.6916184914754588e-11
Ib,0.18790598497405242,9.584364044192548e-05,0.8119981713855,1.0912431109421745e-26
nonevent,1.600066558146158e-30,4.314804004692903e-29,5.371044829943875e-39,1.0
Ia,0.0371132366236158,0.5236762207468174,0.43921054262956616,3.7845925615543334e-15
II,0.8003520122389608,0.17201515064527892,0.027632837112164767,3.5950103072712534e-12
II,0.598318462337662,0.0,3.760605409057886e-05,0.40164393160824635
nonevent,7.693736947946077e-14,1.296409309119663e-16,1.0681863431266583e-20,0.999999999999929
Ib,0.3840497497468896,3.856454158781456e-09,0.6159502463966563,5.048804322482223e-15
nonevent,1.1593514496327788e-26,7.989596639229834e-13,2.150476370334691e-38,0.9999999999992042
Ib,0.03810386681709234,0.1636782370007871,0.7982178961821226,6.690568571142946e-17
nonevent,6.830929406122992e-27,7.131549456971415e-13,2.9990787768090295e-39,0.9999999999992895
nonevent,7.954817520374876e-16,7.283305713543342e-10,5.195526980689999e-20,0.9999999992716653
Ib,0.010629743490619549,8.091553864820217e-11,0.9893702564284669,2.549830597546616e-18
nonevent,2.014298524180119e-10,3.2083996748978864e-05,4.1897302873681713e-16,0.9999679158018242
Ib,0.010300536600387556,0.009762703693906324,0.9799367597057004,8.211721402375673e-27
Ia,1.1909237487757596e-14,0.9999655855004597,3.536747982540831e-08,3.437913204324139e-05
nonevent,3.975387282197068e-32,9.354034284334928e-15,6.559977165547107e-45,1.0
II,0.9925674149282754,1.3889278018170136e-06,0.00743119614393152,1.306010277721821e-18
nonevent,7.146250692488406e-71,5.767273002674364e-110,2.660392206539009e-74,1.0
Ia,3.20147971169979e-05,0.9980859262716838,0.00159553542759216,0.0002865235036204692
II,0.8205797353703033,0.011508560809486413,0.16790915764343223,2.5461767850777397e-06
nonevent,1.9669995602449093e-15,1.509363827156705e-14,2.2186825378857484e-23,0.9999999999999858
nonevent,5.835639589581646e-38,0.0,5.788871910061578e-51,1.0
nonevent,6.932578411873354e-31,3.2023458807720147e-22,6.182218958503979e-43,1.0
Ib,0.22805169983032555,5.952738920527166e-268,0.7719483001696722,2.626966793791834e-16
nonevent,1.620357857179213e-117,0.0,7.240847063983637e-120,1.0
nonevent,2.1823910774952425e-32,0.0,6.461558115081855e-47,1.0
nonevent,5.687111823728648e-24,3.5857891335446985e-10,3.137090503045934e-36,0.9999999996414317
Ib,0.06046098725693507,4.568883793856844e-07,0.9395385558546813,1.0627480063783519e-26
nonevent,1.2168867312480488e-18,4.827277566712616e-08,1.8104841767723645e-27,0.9999999517272198
II,0.988033062662889,3.6996102973624325e-52,0.011960881793013406,6.055544093243294e-06
nonevent,1.2608120330741954e-18,5.508205640994668e-09,1.4908945331969444e-27,0.9999999944917874
nonevent,5.306017795643335e-41,5.669437394933856e-20,7.30345913908177e-52,1.0
Ib,0.23111803351185256,0.0006717538557709759,0.7682102126323747,1.2768112496849685e-16
Ib,0.05326079782121879,2.5677710530424263e-05,0.946713524468254,5.789563721086962e-26
Ib,0.0015462813564956334,3.884863699969841e-11,0.9984537186042417,4.1224883625178776e-13
Ib,0.038478810365051096,1.064767474081527e-07,0.9615210831582084,5.117890375420051e-27
nonevent,7.55008746512579e-16,7.574532454031285e-11,1.7435123151067956e-24,0.9999999999242561
nonevent,3.709193479559429e-48,8.318206222405329e-27,1.7483777080058747e-58,1.0
II,0.8865626243455335,8.499277060178612e-09,0.11343736697984669,1.7534299747540508e-10
nonevent,2.5520252832217903e-38,4.72334323947647e-20,8.25852834119577e-48,1.0
Ib,0.012812102223964767,1.3333084852831981e-05,0.9871745646911615,2.5850775193554853e-14
Ib,0.05713307085219605,0.0003331933321506412,0.9425337358156534,1.07174500727671e-22
nonevent,3.7356272477306243e-31,0.0,9.807474407071065e-49,1.0
Ib,0.10514659659482724,0.13170524975211084,0.7631481536530573,8.668646344843693e-24
Ib,0.2443855293303314,8.093310311504374e-22,0.7556144706696667,5.474838587761408e-19
nonevent,2.8293152801349268e-21,0.0,2.974868117365813e-37,1.0
nonevent,4.876854008862643e-38,5.134864713065496e-23,2.719303653699598e-35,1.0
II,0.9982107587002396,8.667935328740726e-32,0.00017992594713280683,0.001609315352627409
nonevent,8.072641742629391e-49,5.943232356828157e-30,5.005551066763195e-54,1.0
II,0.8745845997397652,0.0,0.12541540026023143,5.5079839051632163e-17
Ib,0.05672860876188179,9.691145428052745e-40,0.943271391238117,2.0781168442834987e-15
nonevent,1.5747993792480934e-27,1.679777925135018e-11,1.190327394385711e-39,0.9999999999832028
Ib,0.42609619728974696,0.00010684315906314789,0.5737969595511919,4.3949043229412915e-25
II,0.9970521184082513,1.8076846023663527e-20,0.0025016702381979563,0.0004462113535454042
nonevent,1.8791542902406777e-08,0.000502653548498761,1.3908162134516603e-07,0.9994971885783333
nonevent,2.2595789099607756e-40,0.0,1.2862496102950884e-54,1.0
Ib,0.01607012236635843,0.1183387912674586,0.8655910863605073,5.673084471469777e-12
Ib,0.07894779164738885,7.74128405727651e-07,0.921051434224204,3.365492231261992e-23
nonevent,9.26397501293394e-31,5.473452254576454e-13,7.936076933702784e-41,0.9999999999994458
nonevent,8.057338514948873e-125,1.327748050859536e-86,5.503971860185946e-111,1.0
II,0.9447270705299011,0.0006344255145925644,0.054638493462852475,1.049265982124119e-08
Ib,0.12193358031431925,2.8043723539024934e-05,0.8780383759621454,1.4013942293102676e-22
nonevent,1.882376468083257e-28,3.963013078205501e-12,1.9099246983213663e-40,0.9999999999960494
Ib,0.33046532974989423,1.3570954163337907e-244,0.669534670250101,1.5951644687008332e-19
II,0.9999934716726178,0.0,6.5282519375926e-06,7.544287941789047e-11
Ib,0.11655156100681566,5.117887854605937e-06,0.8834433211053313,3.6936834269445395e-21
Ib,0.046321458320774535,0.0022298394725035185,0.9514487022067184,1.147176779960208e-19
Ib,0.06603826998061811,8.69669290494855e-07,0.9339608603500954,4.797901950827681e-25
nonevent,5.421208335658466e-230,1.4454054781502358e-170,3.59600489300988e-216,1.0
nonevent,6.248857985739233e-25,5.565385736128301e-10,1.0688470141903977e-35,0.9999999994434603
II,0.9103609286221745,0.0,0.08963907024664218,1.131176001048898e-09
Ia,0.00010649807330265745,0.8721656667850256,0.12772767905454335,1.5608713113304096e-07
nonevent,5.238706592351291e-24,0.0,9.804827770653329e-39,1.0
nonevent,2.8050925082806275e-235,2.974900705708135e-272,1.9549015808512872e-208,1.0
nonevent,1.5920291171457498e-40,7.092647896432582e-21,1.7206287027713286e-50,1.0
Ib,0.39636195862427714,0.0001241223769632209,0.6035139189987648,4.457067561183099e-19
II,0.9995575240338369,0.00014443275092054106,0.0002980432068651983,8.384974216659195e-12
nonevent,3.505185743126259e-31,0.0,1.3835034150563355e-46,1.0
Ib,0.2465567650510065,1.6121079636938475e-09,0.753443233336888,2.067126803558889e-15
nonevent,1.3299795315388582e-31,0.0,2.4820230703101905e-49,1.0
nonevent,1.6885269969379513e-18,6.12551579308767e-08,6.2954295538481686e-27,0.9999999387448374
Ib,0.015315212279979269,2.8272447664194746e-73,0.9846847877200254,1.6935678221561957e-17
II,0.7810619211283215,4.548093568387594e-28,0.21893807887167502,2.0362088038900466e-17
II,0.8366544289007535,1.3386150970585015e-10,0.1633455709653911,2.2994920316181443e-16
II,0.8573049538997617,0.10647765705677202,0.0362173881214994,9.219737531312229e-10
nonevent,2.586874270823555e-50,1.3675767752111775e-25,2.50118410606114e-61,1.0
nonevent,1.4480760984024248e-30,1.372890341581816e-13,7.29808960863539e-44,0.9999999999998579
Ib,0.1073610902533716,3.258416671935013e-08,0.8926388771624688,3.916812999256986e-26
nonevent,2.3377568517513776e-36,4.302204677210017e-16,1.0811202901791245e-47,1.0
Ib,0.044691498631009643,0.00014341222804383733,0.9551650891409408,8.89063106346576e-22
Ia,2.1265433138473634e-07,0.9999541855969885,9.034510849312806e-07,4.469829759072033e-05
nonevent,2.70175243158316e-25,3.42365270558784e-11,5.101377737567847e-37,0.9999999999657518
Ia,0.00247451724083383,0.977629631383541,0.01989568800284137,1.6337279068563518e-07
Ib,0.34417163909317544,6.297238254764184e-15,0.6558283609068243,3.572680683588845e-22
Ib,0.051203343142272296,1.016825474190731e-09,0.9487966558053722,3.553319489350362e-11
Ib,0.3410124806455355,0.004164671434711326,0.6548228479197583,2.459581548377711e-21
Ib,0.1871246727456294,5.978297936904575e-09,0.8128753212760752,7.47164926534614e-19
II,0.9008412634012167,0.08427139523093372,0.014887197894856378,1.4347299393887186e-07
nonevent,1.1113210657961997e-26,1.009780210478089e-11,1.105921065242589e-39,0.9999999999899103
nonevent,5.449176617112524e-26,0.0,5.4538650143949295e-40,1.0
nonevent,1.8519490690780902e-13,2.959423003701261e-110,3.146700865425993e-20,0.9999999999998153
Ia,8.24604419548917e-06,0.5343153031825183,0.46567643737483133,1.3398452816926551e-08
Ia,0.000989244977992309,0.877878523556691,1.1558701589439426e-06,0.12113107559515958
Ib,8.400318840230007e-05,2.877924876063364e-09,0.9999159939336791,5.04841031088859e-23
nonevent,2.9289989466574983e-16,0.0,1.531996056541731e-24,1.0
nonevent,3.647550551828717e-05,5.343837767798995e-35,0.002454672533924991,0.9975088519605678
nonevent,5.333685368845236e-10,0.0,7.933447240780272e-21,0.9999999994666382
II,0.8583897528224776,9.118522586739877e-08,0.0006077184650704301,0.14100243752722705
II,0.999310712302129,0.0,0.0006892875652672295,1.3261000770967884e-10
nonevent,2.723681246229499e-23,3.865058652676935e-09,1.0445278172054713e-15,0.9999999961349317
Ib,0.4543512432680168,0.0006554430239714933,0.5449933137080102,4.3239855159840684e-23
nonevent,3.1748087890498643e-27,3.410600724396601e-67,9.719042068769777e-38,1.0
nonevent,8.013492638162542e-34,1.3682655064394614e-26,8.506175543433833e-44,1.0
nonevent,2.612271381210958e-21,1.573226379416056e-67,4.850978805994167e-29,1.0
nonevent,4.144271263691245e-29,1.761276819695772e-14,1.0742459460539453e-40,0.9999999999999858
II,0.6653156838342719,0.004715364098199235,0.3299689518753344,1.9220020826840993e-10
Ia,0.0015717436470296063,0.9981511344973681,2.584201638258335e-07,0.0002768634354371758
nonevent,5.5122742796878026e-39,0.0,2.254361739496882e-56,1.0
II,0.9279732392735013,5.365535006498384e-12,0.07202676065065927,7.047510890168108e-11
nonevent,7.705425530361527e-28,1.882000425718035e-11,1.2127962889750556e-41,0.9999999999811848
Ib,0.035030055669650326,2.5792483273099272e-92,0.9649699443302916,5.976276947597874e-14
nonevent,1.0664127512587437e-27,0.0,7.693169329306091e-43,1.0
nonevent,2.2888280704056675e-15,1.2590347693939798e-05,6.6525424117689e-22,0.9999874096522967
nonevent,3.9596264827042377e-07,1.8016318046604922e-133,1.6181151984893178e-10,0.9999996038755444
Ib,0.320199308348438,1.9802626595702883e-06,0.6797987113888996,1.3104927828047594e-16
nonevent,1.1330307993186343e-12,0.0,7.8911988303816055e-22,0.9999999999988631
Ib,8.154946963166887e-06,0.0017874212599060632,0.9982044230976019,6.955337489591267e-10
nonevent,6.322701339762964e-30,2.984316860133573e-17,7.873911709603031e-41,1.0
nonevent,8.131830095886109e-60,1.6557958203269823e-55,9.047365248043899e-17,1.0
nonevent,1.7187567324236814e-23,5.974602120700928e-09,1.3997764022986705e-35,0.9999999940254014
II,0.5419458033939161,0.4474460356183683,0.010608149206694291,1.1781014668240895e-08
II,0.9958143902767667,9.923818290162672e-06,0.0040218330878489215,0.00015385281709336257
Ib,0.12616258583861428,2.01812661748715e-06,0.8738353960347616,3.410144597833668e-18
II,0.9825489957485499,0.0009685795252499961,0.016482241917718167,1.8280848885469457e-07
Ib,0.0027852792329363506,0.0011136236819566032,0.9961010970851042,2.1687389892892593e-18
II,0.6651827888474269,0.0,0.3348172111525779,1.7075022234233385e-19
nonevent,2.6993278940035405e-82,3.787254814470623e-50,1.2568427883388535e-84,1.0
nonevent,6.767785595477995e-25,7.06246885428861e-11,6.656931862399982e-14,0.9999999999293152
Ib,0.4187042808775672,1.1084546789978432e-10,0.5812957190115833,3.2848208190643596e-21
nonevent,1.0437515423450924e-26,3.095478634126568e-201,1.0973301707100224e-38,1.0
nonevent,1.8978654142866207e-31,0.0,2.031982877185629e-49,1.0
nonevent,5.133160465142243e-31,1.485430722181933e-13,1.220798644661482e-43,0.9999999999998579
II,0.5631650382860545,0.0,0.43683496171393876,2.3333093846922074e-18
nonevent,0.3826163586206998,6.020858498810837e-77,0.004735305706638328,0.6126483356726579
nonevent,0.002035962176955546,0.482041041212721,3.3254279472816666e-06,0.5159196711823764
Ib,0.008927333650724005,0.3854448303903921,0.6056278359588587,2.672876310016215e-14
Ia,0.004136429432024004,0.9820331038319824,0.013830447283894947,1.9452100507865427e-08
II,0.9999582773044305,0.0,4.0043663701383656e-05,1.679031869266332e-06
nonevent,0.0,0.0,0.0,1.0
nonevent,4.17455063371138e-08,2.4764950577887444e-48,4.763432877654738e-13,0.9999999582540235
nonevent,4.990937574802147e-05,0.2090269251947065,3.0254585491289937e-09,0.7909231624040917
Ib,0.000135615960288883,0.0030639544596756233,0.996800429579809,2.284250725504217e-13
II,0.9999661195917102,0.0,3.387406880862279e-05,6.339484300321332e-09
nonevent,4.421258666725358e-32,3.601055242538288e-16,8.478398167521712e-43,1.0
II,0.9998264512507781,0.0,0.00017110070307104036,2.448046156387196e-06
nonevent,0.08989293330445548,9.393249561546662e-198,5.5305488752849356e-05,0.9100517612067891
nonevent,0.007870737370509905,6.344245910108727e-09,2.4152516228135527e-06,0.9921268410336164
Ib,0.07801625966594951,1.135096934463738e-05,0.9219723893647103,3.1835404752954496e-24
nonevent,1.0323764668150647e-30,1.0759173477763913e-12,9.139806763006795e-44,0.99999999999892
II,0.996215405829493,2.2675087307831337e-183,0.0037406018956078124,4.3992274903031865e-05
nonevent,2.720730974406427e-16,1.5331848036349944e-32,1.3728198430841999e-24,1.0
Ib,0.1510866882027126,5.6699292667278366e-05,0.8488566125046259,1.1144510676848253e-17
nonevent,1.2867449127970594e-20,1.378676029952174e-87,1.7498627295653094e-31,1.0
Ib,0.14007659734786904,2.623342578467601e-10,0.8599234023897929,2.5350055881649776e-17
Ib,0.0007695350806911226,0.013999097770345328,0.9852313671489623,4.306536631107493e-20
Ib,0.42866512291125963,3.141825748168138e-08,0.5713348456704899,2.8859039196852563e-21
nonevent,3.680457781050613e-30,0.0,5.660343950270971e-46,1.0
Ib,0.03764005792113873,4.618643743817533e-07,0.9623594802144837,8.749650901526627e-25
nonevent,1.0885979529398865e-05,3.1177749250940997e-94,2.9300950685735437e-10,0.9999891137274626
nonevent,4.2546149641326963e-14,0.0,1.7315448101438735e-09,0.9999999982684074
nonevent,1.9408325051591743e-25,6.604779302313385e-06,8.491212284579376e-26,0.9999933952206967
nonevent,1.961064091195113e-38,1.2241199897666335e-31,5.050958998211461e-44,1.0
Ia,2.2556160902220644e-05,0.656990566130664,0.34298668556539974,1.921430332190724e-07
nonevent,2.396836510073505e-31,1.1646950036057354e-08,1.513322355810944e-24,0.9999999883530393
nonevent,6.349147719713996e-25,0.0,1.1401833993022044e-38,1.0
Ib,0.020411380492699662,5.642019616398669e-42,0.9795886195067053,5.907512295228039e-13
II,0.8371809286958011,5.742812284330554e-15,0.16281897710851043,9.419568677933388e-08
nonevent,7.139651551416441e-20,1.2260112671727553e-07,2.6398493163341845e-29,0.9999998773988712
nonevent,4.577133843464373e-28,4.16261043662042e-12,6.540919858234745e-40,0.9999999999958362
II,0.9366378530038661,0.05431438590991304,0.0008760752685224621,0.008171685817695222
Ib,0.0018532097189502999,1.4788244198364127e-05,0.9981320020368433,5.927225449698957e-15
nonevent,1.8198729617250963e-28,0.0,1.340886589696138e-41,1.0
Ia,0.37610635183679136,0.6213472732256028,0.002541508343476842,4.866594124744762e-06
nonevent,6.028921125007582e-27,0.0,2.4188799608155707e-40,1.0
Ib,0.12380057362094822,4.517653313999355e-06,0.8761949087257429,5.131383101031822e-25
nonevent,2.42184738955669e-41,4.414471233501071e-53,8.235563799029624e-52,1.0
Ia,5.159931773050576e-10,0.9996148668869411,0.0003806890385605851,4.443558505372448e-06
II,0.9983300802709505,0.0,0.0016293568523286406,4.05628767252759e-05
nonevent,4.1454001445942484e-23,3.621361281320643e-102,5.517825763363309e-33,1.0
nonevent,7.037689010934437e-25,6.596850580463601e-12,1.7413882558558195e-36,0.9999999999934062
Ib,0.008966761873904107,1.2566010084982057e-13,0.9910332381259739,2.285453540954681e-19
nonevent,1.432307303925859e-32,2.3543050283303175e-16,1.9077504430078016e-39,1.0
Ib,0.1952709296535232,7.639573093856724e-05,0.8046526746155397,6.027863014095415e-18
Ib,0.07313772426962234,1.27652968261849e-09,0.9268622744538524,2.674278210183312e-25
II,0.5928430992377228,0.009762170909989673,0.3973947298522943,1.678432580654733e-19
nonevent,2.626975975072214e-52,2.5579560623263826e-27,1.006385479539147e-52,1.0
II,0.7721853200054446,0.012810314028422093,0.21500436596327735,2.8518901132770158e-12
nonevent,2.3756969721201767e-10,1.6206252371890848e-10,1.8147786421596444e-14,0.9999999996003481
Ia,0.30804211178520635,0.5953283215939437,0.09662956662085607,1.0832384577123538e-15
II,0.879770509632571,1.0342149181316719e-13,0.1202286779627516,8.124045799809099e-07
nonevent,8.914123232501324e-77,2.366167716802851e-133,9.896455211347388e-83,1.0
nonevent,4.58541057131866e-28,8.809051070940388e-13,4.178195120129862e-39,0.9999999999991189
Ib,0.12820139273310782,7.846525568649162e-05,0.8717201420112032,8.855988685833602e-21
Ib,0.11705370152684663,6.235459289439555e-05,0.8828839438802607,4.854647171327529e-25
nonevent,5.549033673184831e-07,1.1427328114206608e-26,5.465320299098693e-10,0.9999994445501109
nonevent,1.0039796339224417e-34,7.238125247564602e-176,2.1042888953492908e-44,1.0
nonevent,3.513220650581186e-11,8.556509229624059e-10,3.936957065633202e-17,0.999999999109221
II,0.9996013240107744,0.0,0.0003986759892216979,2.379453592138253e-16
nonevent,4.213182356247993e-21,0.0,7.781041990337185e-37,1.0
nonevent,1.5674562138932e-33,2.379672979306184e-16,3.7569220419076205e-45,1.0
nonevent,7.437725405693349e-34,3.1982674468886575e-15,3.9023559253491815e-45,1.0
Ib,3.818961019859908e-07,0.34442027225118493,0.655579345852711,2.4662071925094203e-21
nonevent,6.686699857824962e-23,0.0,1.212293892686342e-31,1.0
Ib,0.11698204939932268,0.0001163648284392914,0.882901585772245,2.088276772001314e-21
nonevent,1.9469717566352274e-17,4.668780801015472e-06,6.2307840842694276e-27,0.9999953312191954
Ib,0.03483889536453573,2.3946763208385658e-21,0.9651611046354674,3.1446965712928742e-21
nonevent,1.4508188465244968e-26,7.631764173816498e-11,2.8189972444751624e-36,0.9999999999236877
nonevent,4.775523518624313e-32,4.9062193053168514e-36,3.097776765086555e-44,1.0
nonevent,1.859379108179294e-42,0.0,5.889472386731191e-59,1.0
II,0.9947703322599164,0.0004212645846384554,0.004808403048410115,1.0703309623505882e-10
nonevent,4.580713565731725e-33,2.6487119889608803e-14,2.268136184444632e-33,0.9999999999999716
Ia,0.0008224988253983905,0.9541772656409344,0.04499763872967658,2.5968039874350243e-06
nonevent,0.0,1.5504371462127802e-279,0.0,1.0
nonevent,3.2637206034125296e-09,0.0,1.356299099793814e-16,0.9999999967362783
nonevent,4.1328262706742393e-38,0.0,1.4839745640247907e-50,1.0
II,0.9943251821128765,0.0,0.005674817882273078,4.847951554466584e-12
II,0.9989357928976399,0.0,0.0010642071023670673,9.570820224304735e-24
II,0.854822430438461,7.197839446943942e-08,0.14517564233610133,1.8552470489181306e-06
nonevent,8.89181789251572e-33,0.0,1.206736653064365e-45,1.0
nonevent,4.336787431560413e-22,2.8002136529810256e-08,3.503305942852079e-30,0.9999999719978523
nonevent,6.786691882104783e-51,1.3136361549318669e-77,4.1788945297084455e-44,1.0
nonevent,0.00017170740343372997,4.1248589265804756e-203,3.630278939389553e-08,0.9998282562937899
Ib,0.18882091760073036,0.3776485062642154,0.4335305761346894,3.684085936328007e-13
nonevent,7.31240171994478e-07,0.0,1.9201450875275988e-13,0.9999992687596349
nonevent,4.810513807314313e-41,3.927632916331934e-46,3.436972961616522e-53,1.0
nonevent,2.7091700155148876e-49,1.3303574101318586e-25,6.560570886940501e-60,1.0
Ib,0.15390219564856894,0.00019472152189444188,0.8459030828295324,4.610448378826516e-20
II,0.9934271950174566,8.04706740729033e-09,0.006572796932889084,2.5914257284411335e-12
II,0.9843721048111456,6.633666149159417e-73,0.015587864246040348,4.0030942820132155e-05
II,0.8959058484833717,4.6319201383388094e-62,0.10409415108214946,4.344835502365694e-10
Ib,0.01244826518805031,1.9973294532462472e-05,0.9875317615174208,1.7206889679324684e-24
Ib,0.028277329132535476,0.0006075182266432487,0.9711151526408266,1.310724241239307e-26
Ib,0.13823258541209343,4.030087763121058e-09,0.8617674105576657,1.601478795054262e-13
nonevent,1.5719084195106457e-22,6.987305701878094e-10,7.2090875328487825e-34,0.9999999993012665
nonevent,1.43755320686408e-06,7.806205089870206e-183,1.5783463408887128e-08,0.999998546663325
nonevent,2.4891643555306678e-79,6.782020354139131e-47,3.2330820650727354e-81,1.0
nonevent,4.179748618288928e-27,1.2296750520260338e-14,4.242677924243888e-34,0.9999999999999858
nonevent,1.8202084775725924e-16,1.502556921074009e-05,5.2662771656514065e-24,0.999984974430782
nonevent,3.2630997442005945e-34,0.0,1.158491247024776e-46,1.0
Ib,0.23627905964905152,6.517131382325365e-08,0.7637208751796261,4.0628065517818586e-15
Ia,3.6441192859928496e-06,0.555861441728744,0.4403772197863716,0.0037576943655983634
nonevent,1.3924610972279745e-31,5.71516663034124e-15,1.577585236693453e-42,1.0
II,0.6426427573884638,1.032134127316118e-14,0.35735724261153223,6.851741528649763e-16
nonevent,1.0463413880858086e-12,0.0,1.359782979442398e-20,0.9999999999989484
nonevent,6.838419502434369e-45,8.478686864009578e-22,1.0037081469217082e-54,1.0
nonevent,4.435583447622652e-16,1.665311626698232e-14,5.155474547144021e-19,0.9999999999999858
nonevent,2.6321784992727384e-37,0.0,1.0036036194074264e-55,1.0
nonevent,3.050352753188368e-23,1.7810808501503076e-08,6.219727474992477e-34,0.9999999821891948
II,0.7867183225575259,4.692691208145587e-15,0.21328167744246274,1.9445603359481333e-17
Ia,2.97242519589298e-09,0.9983892025350178,0.0015700979623074443,4.0696530242017806e-05
nonevent,5.032117460035895e-34,0.0,1.0765980273820575e-49,1.0
II,0.86859997238398,8.099887130479203e-05,0.1313190287322952,1.2424777532211984e-11
Ib,0.35027898528799023,0.0013159030395488917,0.6484051116716635,7.948682537759815e-13
Ia,0.2921264119027644,0.7067467812038593,0.0009524328899070637,0.0001743740034679872
II,0.8287646585530893,0.0,0.1712353414469087,8.521843080380922e-20
Ib,0.49770894628742274,1.9987210632966662e-10,0.502291053512707,8.662206032071479e-23
Ib,0.24634364356447164,1.6936112825061404e-10,0.7536563562661662,3.0510002057278874e-17
nonevent,1.561884300447555e-16,4.613880314531337e-09,3.227236781678343e-23,0.9999999953861192
nonevent,4.653638563153118e-35,1.9290124444098036e-16,1.4288069009703718e-45,1.0
II,0.9972608852772158,1.985956442397894e-64,0.00272966121113054,9.453511652610687e-06
nonevent,8.438737717054214e-20,0.0,8.79848765648687e-28,1.0
nonevent,2.0100097937485517e-37,2.6988646849460197e-16,2.105261180200451e-46,1.0
nonevent,4.2853745784791023e-33,3.995039560547663e-15,7.57158219210979e-42,1.0
Ia,0.000801883414592437,0.9991361819101342,6.193466444746486e-05,1.082752446353176e-11
nonevent,2.3022546306119306e-62,0.0,7.177167662357051e-68,1.0
II,0.6315464560120171,3.7581454918613366e-09,0.3684535400159171,2.1391928815915948e-10
nonevent,8.542212194920775e-51,8.951099969495834e-100,5.663707447852891e-57,1.0
Ib,0.0933791634936854,2.3790313606364423e-05,0.906597046192708,4.861663715494438e-23
Ib,0.07571406284588751,3.8310606342868543e-34,0.9242859371541059,1.4703379817695194e-18
II,0.9697239954347265,0.0008046139341364137,0.029471390631147447,8.590626749178159e-26
nonevent,3.0297345203540577e-31,6.589352108818349e-18,1.1060913301727859e-43,1.0
Ib,0.3502620064026404,2.016678655526989e-06,0.6497359769186996,1.0907457218510134e-18
II,0.8643434248510019,0.01961770582429175,0.1160388693247035,1.680872446420542e-29
nonevent,4.05826304915591e-50,1.4367497584909237e-27,4.447759996550172e-55,1.0
nonevent,5.1063057191895696e-46,2.4924272086347458e-23,5.484742175970694e-53,1.0
nonevent,2.2198161659085728e-09,0.0,1.6434463439129105e-20,0.9999999977801792
II,0.9503847278640288,8.560434274644734e-07,0.049614416092546194,3.922652261206358e-20
Ib,0.07631018750438846,3.314122314020908e-23,0.9236898124956139,5.557025924283297e-19
Ib,0.027125476300640546,9.87805238010661e-07,0.9728735358941197,1.504356108286934e-25
nonevent,3.6335097066135357e-28,1.93335042217449e-11,4.582488783377554e-39,0.9999999999806732
Ib,0.01263335159943482,0.0002185732675346668,0.9871480751330299,9.272601827482136e-28
nonevent,1.1604218017912982e-20,3.3274884935933844e-09,1.4861605291738614e-30,0.9999999966725142
Ia,0.23182498209465158,0.7389221534219453,0.02925286448337369,2.7470245312353056e-14
nonevent,1.7814256983877635e-25,3.254045599756244e-11,4.172784257576436e-33,0.9999999999674571
Ib,0.18613836646055315,0.0004883213620273824,0.8133733121774174,1.0815903924233745e-16
nonevent,1.769137675938385e-53,1.4215914596009738e-29,1.566638034195295e-57,1.0
nonevent,8.216274642176075e-14,6.637356349704838e-07,2.555777119347299e-13,0.9999993362640325
nonevent,4.0945217640435164e-39,1.0082821617629555e-180,9.215535944373295e-47,1.0
Ib,0.0001748985954547382,0.023304808502843492,0.9765202904950194,2.4066866662284542e-09
nonevent,4.380115983266464e-102,3.701091818024102e-69,1.1713393434506922e-106,1.0
II,0.9997022481572435,0.0,0.0002972516732060746,5.001695577644158e-07
II,0.9348063552989332,0.06385690167113367,0.00133587002132498,8.730086079681054e-07
Ib,0.0018048589274642676,3.4882031383078525e-06,0.998191652869394,3.1744460972635988e-16
nonevent,1.9897369466059713e-15,0.17844977132378917,2.0685114815408817e-18,0.8215502286762139
nonevent,6.012624377576197e-30,0.0,9.761518854306506e-43,1.0
Ia,4.265695133732637e-05,0.9611557886939271,6.576215156944716e-09,0.03880154777851721
Ia,0.004871515230860747,0.9657456034378884,0.029382881331255554,3.45474881287888e-22
nonevent,5.247653948537183e-36,2.846876229743235e-27,4.51138523246968e-44,1.0
Ib,0.13379738561594848,1.2471424361651164e-250,0.8662026143840463,4.841820305098463e-22
II,0.5015405017729638,8.106046892128124e-234,0.49845949814538676,8.165554468845783e-11
II,0.9999217981236714,0.0,7.820186887338821e-05,7.457303256127116e-12
Ia,0.0004800407681456271,0.9641680113508294,0.03535193517637225,1.2704654160513896e-08
Ib,0.2055319217712786,4.465236349281817e-05,0.7944234258652274,2.807501191398962e-27
nonevent,4.7934429651370525e-30,0.0,1.2230024481026616e-39,1.0
nonevent,5.735550224473844e-12,0.006964835697992236,1.6894197512173077e-17,0.9930351642962727
II,0.9969012518689663,0.0,0.003098748131031127,5.489184688270795e-19
nonevent,2.97512203666664e-21,9.753732080278884e-09,2.3133158889891538e-27,0.9999999902462662
nonevent,1.0254341825054627e-37,8.425489013445397e-18,1.2577938135704317e-46,1.0
II,0.6528482717698895,4.61724411428591e-06,0.34714711098592416,7.249291110214828e-14
nonevent,9.366141472639584e-23,8.307247228520465e-10,6.572087043628798e-33,0.9999999991692761
Ib,0.003478491115979398,0.0042151121976185995,0.9923063966864082,6.179321021928119e-17
nonevent,2.363902114110188e-37,1.9723123950535448e-16,3.1715971654446158e-49,1.0
Ia,0.0001061796751975532,0.5360988605818688,0.0018365180776415506,0.4619584416652901
Ib,0.05759278776728014,8.87941016446912e-07,0.942406324291697,4.850034606226837e-25
nonevent,9.260728390639633e-05,5.865e-320,3.956221875384424e-08,0.9999073531538802
nonevent,5.945901314388474e-15,0.0,6.110770077774932e-26,1.0
nonevent,2.9739474601253298e-06,1.604866221151105e-13,6.84362127506851e-08,0.9999969576161714
II,0.6032530081122224,0.0010268857561921002,0.395720106131573,7.803414134736543e-15
II,0.807049642036659,2.258397312867318e-05,0.19292777398500105,5.212931633442093e-12
Ib,0.006721762628830837,0.010185079330056964,0.9830931580409064,2.012737046720133e-13
Ib,0.23390790870491032,0.0001937420468028489,0.765898349248293,3.731067160560232e-20
nonevent,4.698573553017067e-58,3.0235930136579323e-31,3.652990860145465e-67,1.0
nonevent,2.472455742641208e-28,9.936318908167975e-14,6.382496029835532e-41,0.9999999999999147
nonevent,5.06441151359399e-05,0.01573985154888457,8.673496207133748e-09,0.9842094956624899
Ib,0.2264497593889528,2.4558979520264037e-07,0.773549995021251,4.922334384644424e-22
Ib,0.055706218557284214,0.0002776244371664642,0.9440161570055562,6.104913949126892e-28
nonevent,2.9803157521379345e-29,7.24588746083406e-14,3.289084135314686e-42,0.9999999999999147
Ia,0.02251006485365745,0.9726034987712632,0.004886436310137533,6.494734029172367e-11
nonevent,8.536748580468798e-24,3.8350193265294675e-11,4.51509820409618e-34,0.9999999999616449
nonevent,6.121751933144417e-48,4.583374187946453e-30,1.5772666582594253e-47,1.0
nonevent,1.4272811265561908e-214,5.987286436527427e-134,7.362964162686618e-182,1.0
II,0.9520907155954064,1.9355081722897618e-05,0.04788992932286929,2.5073686916530598e-23
nonevent,1.1167445687116128e-24,0.00012208322288331076,9.467797177267624e-29,0.9998779167771031
nonevent,9.350474973486156e-44,3.033475266361823e-205,2.2169029807119395e-54,1.0
II,0.8146775415319419,1.8683851373838194e-15,0.18532245846801967,4.146755106741179e-14
II,0.6436999185607551,0.0014303817408946662,0.3548696996966807,1.667442425875941e-12
Ib,0.23930516222864043,4.833127995909508e-05,0.7606465064914067,1.406325733291943e-27
Ib,0.15207325172037803,0.0009462200553366456,0.8469805282242823,1.089239646972454e-17
nonevent,7.074511045120291e-101,1.9505858112623808e-62,7.574583292203115e-101,1.0
II,0.9885203054051518,0.002113756086666374,0.00936258160057165,3.356907606150562e-06
nonevent,8.37499441334556e-10,0.0,3.1804537338115453e-17,0.9999999991624975
nonevent,0.009157203730431671,0.3853217888793692,8.116165095208318e-07,0.6055201957736872
nonevent,1.5114222360402782e-08,0.0,5.443786765002187e-16,0.9999999848857756
nonevent,4.9587451947215024e-45,2.0296632256966746e-24,8.46270711799909e-56,1.0
II,0.9036186573913668,2.4054810981902647e-105,0.09638134260863918,2.0232893931215984e-21
Ib,0.37677043568083224,8.109758031360332e-11,0.6232295642380702,5.978366697661883e-15
nonevent,1.1210064257606833e-10,0.0,3.4248763694799905e-09,0.999999996463032
nonevent,4.447491352828851e-125,6.8138983455404795e-81,1.349089802899576e-122,1.0
nonevent,1.0479526316343354e-22,0.0,1.888564720104221e-30,1.0
Ib,0.028641056499367382,0.05991469633569792,0.911444247164939,5.938870496710717e-22
Ia,0.03617377985295989,0.9637908163744798,3.540377256297108e-05,1.0364924055139631e-27
nonevent,2.3107302470116974e-97,7.094113859856917e-64,1.394282038666506e-71,1.0
II,0.9082083580956293,4.331952879853459e-12,0.09179164063489324,1.2651450346613583e-09
nonevent,0.0010653097976935262,1.4698007931231178e-231,4.448507442330773e-08,0.9989346457172373
nonevent,7.416135755300405e-187,1.3064064096727075e-121,5.3872403431716753e-182,1.0
II,0.9946119839283917,0.0,0.005388010844872822,5.226741396815267e-09
II,0.8861007234825238,0.00012433230240834896,0.11377322965586019,1.7145592062025782e-06
nonevent,2.230953377362134e-31,3.092521184020565e-16,2.894143859663816e-38,1.0
nonevent,2.2637458462578353e-15,0.0,5.551292777008798e-26,1.0
nonevent,8.292493907163146e-29,0.0,3.0572484180901947e-47,1.0
nonevent,2.098707610681797e-29,8.186771534490203e-15,2.059574894822984e-40,1.0
Ia,2.1741156310814416e-07,0.9716541792768502,0.02834560321514474,9.64434992120021e-11
II,0.776331192594974,0.14083330973424718,0.08283549767077995,4.174883566788665e-25
nonevent,2.2232772049110137e-36,0.0,1.6543905083677968e-55,1.0
nonevent,1.6267847933178462e-17,7.949382317777821e-07,6.02613398813457e-26,0.9999992050617725
nonevent,1.3798656856339286e-248,1.0166146593325919e-164,1.1593216572055712e-238,1.0
II,0.9964168152664158,1.5677582595966496e-07,0.0033782805571053068,0.00020474740064845216
nonevent,2.2684047266209588e-40,4.365285261353564e-24,9.156686246738338e-48,1.0
II,0.5836828167760449,0.0,0.41631718322395045,1.473825387573861e-19
Ib,0.43869856096678245,6.35233222163013e-277,0.5613014390331931,1.9774601926597e-14
Ib,0.004612869896233028,0.0002467197567087547,0.9951404103470632,1.0064010129752176e-23
nonevent,9.026025378013489e-98,1.521512046396476e-69,2.839104519711702e-94,1.0
II,0.9913658078803003,1.4100082157653881e-09,0.00787329098945906,0.0007608997202383025
Ib,0.047523946743969696,9.40698216010862e-07,0.9524751125578075,3.2236562171227516e-24
nonevent,9.490325071195656e-36,2.3568502978879296e-17,3.3529436114825693e-46,1.0
nonevent,7.498156622306955e-24,8.916164056459899e-11,1.961374318335292e-34,0.9999999999108411
nonevent,7.162982625286827e-52,0.0,1.0594698881866014e-25,1.0
nonevent,1.1357583209914137e-55,0.0,8.087825808912549e-64,1.0
nonevent,1.6873915092922177e-28,3.40556896918816e-18,2.6612598198362973e-41,1.0
Ib,0.00980991363236667,0.044521891509530086,0.9456681948581093,2.813956375613021e-22
nonevent,0.004770713132306282,5.651117559606319e-18,0.030636040969262403,0.9645932458984258
nonevent,1.67679003298243e-26,0.0,1.9921371877834438e-39,1.0
II,0.9921932494492736,5.381640719726796e-33,0.007806750540091024,1.062603639823265e-11
Ia,1.1551879347611625e-06,0.9999988447343918,7.766862323238966e-11,1.8753580428587593e-16
II,0.5948217029986813,0.0010946081900634853,0.40408368881125195,2.232309350740989e-18
nonevent,1.0927502865348287e-115,1.2226064152670066e-75,1.9539624727976846e-107,1.0
Ib,0.006825700708960157,0.00019970007487217075,0.9929745992161627,2.1997025534298325e-22
Ib,0.11694200864708343,1.2497258123786482e-05,0.8830454940947992,4.2996550599116276e-27
II,0.9508886234713755,0.04615736236951781,0.0027767831080516853,0.0001772310510523041
II,0.8193953646019042,0.08639618770376595,0.09420844769432395,7.216450837050647e-20
Ib,0.0685377025762762,8.518722235974482e-07,0.9314614455514992,5.707715843794217e-18
nonevent,7.032327923831097e-82,2.814402705357028e-57,4.394216054141688e-83,1.0
Ib,0.03529690205957008,9.109431515278403e-05,0.9646120036252837,7.378112630414738e-25
Ia,0.0028270481484724977,0.9415016636413103,0.055671288210215275,6.36840004019856e-24
Ia,4.4390520621100525e-05,0.5491331902277025,1.6906032865741435e-09,0.45082241756107855
nonevent,6.559838683672094e-27,1.0991001130196461e-11,7.729216187813974e-39,0.9999999999890008
II,0.9972292614694811,0.0,0.0027707385304748698,4.741981851918916e-14
nonevent,5.114252504292273e-32,0.0,5.2451933585351866e-42,1.0
nonevent,2.374335806638209e-73,1.80242886319807e-37,1.5911809857675294e-71,1.0
II,0.7496452378506097,2.6294429514523423e-233,0.25035476214717595,2.2110345519910358e-12
II,0.7514874327444439,7.516303975452827e-09,0.24851255973924954,3.2651248051454478e-21
Ib,0.22274242656783944,0.328376584503394,0.44888098604871074,2.880052264308084e-09
II,0.9737012076611504,0.0,0.02629879233855303,2.97024599596678e-13
II,0.7651269287581416,3.036939662026712e-107,0.2348730712418537,3.578983424212748e-15
Ia,0.014258840203778144,0.6948924166350718,0.290848743161148,5.296035385738571e-21
nonevent,1.5070949285258757e-06,2.963178870091676e-40,7.435084551244506e-12,0.9999984928976305
nonevent,4.573176366248989e-19,4.5112044143538965e-06,3.3592347406203984e-29,0.9999954887955914
nonevent,1.901246185042656e-115,2.8829904569725066e-77,5.999579878182718e-104,1.0
II,0.7109466787557771,2.4783816783826366e-06,0.28905084286028426,2.2593049091539776e-12
nonevent,2.9724053964663617e-06,1.5511192103872715e-215,4.438278649275032e-05,0.9999526448081034
nonevent,9.262808570404571e-27,0.0,2.2270053753011262e-38,1.0
nonevent,8.562734444819907e-29,3.089870703309751e-16,4.3259994255702285e-35,1.0
Ib,0.09332405810394528,4.471311460293008e-08,0.9066758971829345,1.5235009533228591e-23
nonevent,3.1418015377993775e-48,4.155310120068352e-25,3.9167411625314646e-58,1.0
nonevent,1.4186267558037506e-33,7.508004440722075e-18,1.9246207111218591e-31,1.0
nonevent,1.7275121944448788e-22,0.0,9.517867157101147e-38,1.0
II,0.9870101134516204,0.0,0.00014579290108621015,0.012844093647296996
Ib,0.487010619627186,3.077229751943814e-06,0.5129863031430675,2.9231564756876985e-24
II,0.8217941266395029,0.09234623217981036,0.08585964118050565,1.8701020289098937e-13
Ib,0.001939237342211405,6.933971588793257e-05,0.997991422941904,2.9993554569963974e-17
nonevent,4.5716643758463014e-07,8.951425705241565e-15,2.7954951572325833e-12,0.999999542830755
nonevent,3.818913131300037e-12,3.0702055713096306e-13,1.9403204803846912e-19,0.9999999999958789
Ib,0.1184119933303105,5.904652910421939e-06,0.8815821020167736,7.061389115769951e-28
nonevent,3.303742398204446e-36,0.0,1.071090987793502e-51,1.0
II,0.7648497502185583,6.731997290032139e-08,0.23515018246146271,6.840370430270582e-24
nonevent,3.015192162213162e-08,0.004554627653940037,4.431205879591601e-14,0.9954453421940885
nonevent,8.456563425521167e-25,4.988392071343633e-12,6.209347006336707e-36,0.999999999995012
nonevent,1.9290581648742653e-40,0.0,1.615572931336706e-57,1.0
II,0.5840230286182004,2.2015930619431874e-12,0.4159769713795879,6.335687050499009e-15
II,0.9576257169391789,0.0,1.0134514080502534e-06,0.04237326960940921
nonevent,1.4061990031489536e-33,3.6242819304399225e-17,4.898668897133137e-46,1.0
nonevent,5.013604072838814e-41,9.971438622285257e-20,2.261960014547654e-52,1.0
II,0.6545036546551722,2.0826227903516923e-19,0.3454963449293302,4.154921659383874e-10
nonevent,2.1570002500107522e-35,0.0,1.6256832231724034e-48,1.0
Ib,0.002454636404679273,0.00013102734750674067,0.9974143362478116,1.9264591301412345e-24
Ib,0.14987708698309987,6.659430874508732e-05,0.850056318708162,3.079981609336394e-19
Ib,0.16810685413879553,3.6872837009991673e-05,0.8318562730241664,2.173894603468796e-14
Ib,0.31161797501677235,1.684938046722076e-164,0.6883820249832295,4.190587721412215e-15
nonevent,9.863549758568173e-21,1.0748799802290814e-08,1.28875080955827e-29,0.9999999892511937
nonevent,8.508702291238775e-10,8.50368089303544e-05,3.714658554956158e-12,0.9999149623364878
nonevent,2.633159398691137e-52,0.0,5.421464897447803e-60,1.0
